qseqid,sseqid,evalue_x,pident_x,length_x,bitscore_x,ppos_x,qcovs_x,evalue_y,pident_y,length_y,bitscore_y,ppos_y,qcovs_y
b0006,MBLCLPDI_00543,6.369999999999999e-41,36.576,257,137.0,54.47,98,1.38e-40,36.576,257,137.0,54.47,99
b0014,MBLCLPDI_00791,0.0,55.705,596,641.0,73.32,93,0.0,53.438,640,642.0,70.78,98
b0015,MBLCLPDI_00792,4.129999999999999e-105,46.428999999999995,392,311.0,60.2,99,6.899999999999999e-105,46.907,388,311.0,61.08,99
b0025,MBLCLPDI_00787,3.9199999999999994e-43,33.121,314,147.0,53.18,97,8.87e-43,33.121,314,147.0,53.18,98
b0026,MBLCLPDI_00680,0.0,40.943000000000005,933,728.0,60.02,99,0.0,40.943000000000005,933,728.0,60.02,96
b0030,MBLCLPDI_00108,2.0499999999999995e-94,50.0,300,278.0,65.33,98,2.7899999999999994e-88,50.0,300,263.0,65.33,98
b0032,MBLCLPDI_00091,6.609999999999998e-100,42.133,375,297.0,60.8,98,1.4099999999999998e-99,42.133,375,297.0,60.8,98
b0033,MBLCLPDI_00090,0.0,48.243,1053,983.0,67.33,97,0.0,48.243,1053,996.0,67.33,98
b0045,MBLCLPDI_01797,2.33e-50,28.438000000000002,429,172.0,48.72,95,5.140000000000001e-50,28.438000000000002,429,172.0,48.72,98
b0051,MBLCLPDI_00231,3.77e-43,33.577,274,145.0,52.55,94,9.24e-43,33.577,274,145.0,52.55,91
b0061,MBLCLPDI_00531,4.3999999999999995e-88,56.277,231,256.0,67.1,100,1.0399999999999998e-87,56.277,231,256.0,67.1,95
b0062,MBLCLPDI_00532,3.479999999999999e-152,44.915,472,439.0,63.35,94,7.399999999999998e-152,44.915,472,439.0,63.35,99
b0082,MBLCLPDI_00667,1.1299999999999998e-74,41.745,321,228.0,58.88,99,2.5699999999999994e-74,41.745,321,228.0,58.88,98
b0086,MBLCLPDI_00261,1.7e-54,31.236,445,184.0,49.44,95,8.839999999999999e-48,30.735,449,167.0,48.55,95
b0087,MBLCLPDI_00670,1.1099999999999998e-64,37.059,340,204.0,56.47,93,2.32e-59,37.059,340,191.0,56.47,98
b0088,MBLCLPDI_00671,7.35e-46,31.579,456,160.0,49.56,99,2.77e-47,31.579,456,166.0,49.56,98
b0089,MBLCLPDI_00720,3.91e-55,31.675,382,184.0,51.83,87,6.219999999999999e-53,31.675,382,179.0,51.83,91
b0090,MBLCLPDI_00672,3.5399999999999992e-43,31.18,356,149.0,47.75,95,8.29e-43,31.18,356,149.0,47.75,96
b0091,MBLCLPDI_01385,1.64e-58,29.322,457,195.0,47.92,93,4.57e-43,29.322,457,155.0,47.92,98
b0094,MBLCLPDI_00674,1.7699999999999995e-52,29.351,385,178.0,52.73,91,1.6399999999999997e-55,29.351,385,187.0,52.73,81
b0095,MBLCLPDI_00675,2.3799999999999997e-89,52.614,306,271.0,73.2,80,4.32e-91,48.036,331,277.0,69.18,77
b0098,MBLCLPDI_00396,0.0,47.273,825,728.0,65.21,91,0.0,47.273,825,727.0,65.21,98
b0103,MBLCLPDI_01380,2.73e-34,39.583,192,117.0,53.65,92,2.9699999999999995e-33,39.583,192,115.0,52.08,96
b0107,MBLCLPDI_00603,1.8599999999999996e-50,35.926,270,170.0,57.41,58,2.9499999999999995e-50,35.926,270,170.0,57.41,80
b0116,MBLCLPDI_00716,1.5899999999999997e-102,38.889,468,311.0,58.97,96,3.589999999999999e-102,38.889,468,311.0,58.97,98
b0125,MBLCLPDI_00285,3.0999999999999995e-43,37.791,172,138.0,66.28,96,7.05e-43,37.791,172,138.0,66.28,94
b0142,MBLCLPDI_01415,2.73e-32,42.857,133,109.0,61.65,84,6.559999999999999e-32,42.857,133,109.0,61.65,78
b0143,MBLCLPDI_00855,2.2599999999999998e-30,36.449,214,117.0,51.87,45,3.66e-30,36.449,214,118.0,51.87,50
b0149,MBLCLPDI_01007,4.6500000000000005e-57,30.576,556,205.0,48.92,62,2.6499999999999997e-53,30.755,556,195.0,49.28,70
b0154,MBLCLPDI_01856,2.4899999999999993e-159,52.048,415,452.0,69.88,97,2.529999999999999e-159,51.659,422,453.0,69.19,97
b0155,MBLCLPDI_00432,3.05e-45,32.407,432,161.0,51.85,91,8.54e-40,32.407,432,147.0,51.85,81
b0159,MBLCLPDI_00684,3.449999999999999e-67,45.852,229,203.0,62.01,99,6.879999999999998e-63,45.852,229,193.0,62.01,99
b0161,MBLCLPDI_00026,9.65e-43,37.282,287,152.0,56.1,57,2.3999999999999997e-42,37.282,287,152.0,56.1,67
b0168,MBLCLPDI_01535,1.9499999999999999e-56,37.349000000000004,249,179.0,57.43,94,4.7399999999999995e-56,37.349000000000004,249,179.0,57.43,87
b0169,MBLCLPDI_00769,3.3599999999999993e-91,53.218999999999994,233,265.0,71.67,96,8.229999999999997e-91,53.218999999999994,233,265.0,71.67,89
b0170,MBLCLPDI_00770,5.919999999999999e-67,40.21,286,206.0,60.49,98,1.3699999999999998e-66,40.21,286,206.0,60.49,98
b0171,MBLCLPDI_00771,4.5099999999999995e-73,45.25899999999999,232,219.0,69.4,96,1.0099999999999997e-72,45.25899999999999,232,219.0,69.4,97
b0172,MBLCLPDI_00772,1.6799999999999999e-49,46.409,181,155.0,66.85,98,3.81e-49,46.409,181,155.0,66.85,97
b0174,MBLCLPDI_00775,8.769999999999998e-72,46.218,238,216.0,63.87,93,1.9799999999999997e-71,46.218,238,216.0,63.87,92
b0175,MBLCLPDI_00776,4.869999999999999e-34,42.138000000000005,159,120.0,59.75,54,3.7199999999999995e-34,38.624,189,122.0,57.14,67
b0176,MBLCLPDI_00777,1.92e-33,33.478,230,126.0,50.43,86,3.98e-30,33.478,230,118.0,50.43,79
b0180,MBLCLPDI_01081,1.11e-36,44.526,137,119.0,63.5,91,2.37e-36,44.526,137,119.0,63.5,94
b0183,MBLCLPDI_00865,1.4599999999999998e-45,44.92,187,147.0,61.5,94,4.2299999999999995e-45,44.92,187,147.0,61.5,72
b0184,MBLCLPDI_00838,0.0,33.59,1170,624.0,54.1,99,0.0,33.59,1170,624.0,54.1,99
b0185,MBLCLPDI_01078,1.0899999999999999e-68,42.471000000000004,259,211.0,62.55,81,1.9799999999999994e-68,42.471000000000004,259,211.0,62.55,98
b0188,MBLCLPDI_00284,1.42e-30,30.451,266,119.0,48.87,61,4.2500000000000006e-26,30.451,266,107.0,48.87,57
b0194,MBLCLPDI_00778,4.879999999999999e-171,44.792,576,493.0,63.72,99,1.1099999999999997e-170,44.792,576,493.0,63.72,99
b0197,MBLCLPDI_00209,3.82e-52,37.132,272,167.0,56.62,99,8.960000000000001e-52,37.132,272,167.0,56.62,94
b0198,MBLCLPDI_00207,2.62e-42,44.828,203,139.0,64.04,94,2.6299999999999997e-38,44.828,203,129.0,64.04,89
b0199,MBLCLPDI_00208,1.06e-86,40.936,342,261.0,61.11,98,2.4599999999999997e-86,40.936,342,261.0,61.11,96
b0219,MBLCLPDI_00377,1.4e-32,33.632,223,116.0,53.36,84,3.21e-32,33.632,223,116.0,53.36,84
b0242,MBLCLPDI_00376,2.26e-49,37.597,258,163.0,57.36,68,3.62e-49,37.597,258,163.0,57.36,97
b0243,MBLCLPDI_00375,7.699999999999998e-127,45.873999999999995,412,369.0,64.81,99,3.2499999999999987e-124,45.388000000000005,412,363.0,64.56,98
b0256,MBLCLPDI_00263,7.6200000000000005e-28,32.836,268,107.0,51.12,69,1.24e-27,32.836,268,107.0,51.12,87
b0258,MBLCLPDI_01581,3.91e-44,36.201,279,155.0,51.61,73,1.06e-43,36.201,279,155.0,51.61,52
b0260,MBLCLPDI_01169,0.0,58.613,447,528.0,74.72,96,0.0,58.613,447,536.0,74.72,96
b0261,MBLCLPDI_01170,3.6299999999999993e-90,46.918,292,267.0,63.7,94,8.169999999999998e-90,46.918,292,267.0,63.7,93
b0273,MBLCLPDI_00468,1.1499999999999995e-132,56.023999999999994,332,377.0,71.08,99,2.5899999999999994e-132,56.023999999999994,332,377.0,71.08,99
b0304,MBLCLPDI_00191,5.019999999999999e-147,46.622,444,422.0,66.89,99,4.4499999999999984e-138,46.622,444,400.0,66.89,98
b0306,MBLCLPDI_00406,1.14e-65,41.841,239,201.0,59.83,99,3.1099999999999996e-65,41.841,239,201.0,59.83,83
b0307,MBLCLPDI_00405,5.859999999999998e-156,46.263000000000005,495,448.0,64.04,99,1.3699999999999996e-155,46.263000000000005,495,448.0,64.04,99
b0308,MBLCLPDI_00404,5.74e-27,27.426,237,100.0,48.1,99,1.3699999999999999e-26,27.426,237,100.0,48.1,95
b0337,MBLCLPDI_00276,8.009999999999996e-168,55.746,409,473.0,73.11,96,1.7399999999999993e-167,55.746,409,473.0,73.11,99
b0342,MBLCLPDI_00461,1.1099999999999999e-43,38.66,194,141.0,58.76,91,2.51e-43,38.66,194,141.0,58.76,95
b0344,MBLCLPDI_00315,3.879999999999999e-106,33.856,638,340.0,52.04,59,2.3399999999999995e-100,33.856,638,325.0,52.04,98
b0356,MBLCLPDI_01735,9.89e-60,35.657,373,193.0,52.55,99,9.01e-52,35.657,373,173.0,52.55,98
b0369,MBLCLPDI_01857,5.7499999999999985e-120,54.25899999999999,317,344.0,71.29,97,1.0699999999999998e-115,54.25899999999999,317,334.0,71.29,98
b0381,MBLCLPDI_00526,9.409999999999997e-99,40.496,363,294.0,63.64,99,2.1999999999999996e-98,40.496,363,294.0,63.64,94
b0386,MBLCLPDI_00374,2.0199999999999997e-37,31.154,260,129.0,51.54,97,4.35e-37,31.154,260,129.0,51.54,99
b0398,MBLCLPDI_01161,3.0999999999999995e-27,26.951999999999998,397,107.0,45.09,98,6.48e-27,26.951999999999998,397,107.0,45.09,99
b0400,MBLCLPDI_00022,5.88e-39,30.171999999999997,348,144.0,52.87,75,1.27e-40,30.747,348,150.0,53.16,55
b0401,MBLCLPDI_01967,1.92e-57,33.643,431,192.0,52.2,94,1.1499999999999997e-64,33.260999999999996,460,212.0,51.74,99
b0406,MBLCLPDI_00579,7.72e-50,29.076,368,167.0,47.01,97,1.18e-51,29.076,368,173.0,47.01,99
b0413,MBLCLPDI_01379,4.54e-42,44.443999999999996,144,133.0,67.36,97,1.06e-41,44.443999999999996,144,133.0,67.36,94
b0414,MBLCLPDI_00964,7.37e-59,33.043,345,190.0,52.75,93,1.59e-58,33.043,345,190.0,52.75,92
b0415,MBLCLPDI_00967,7.95e-35,39.437,142,115.0,62.68,91,1.7399999999999997e-34,39.437,142,115.0,62.68,91
b0420,MBLCLPDI_01045,1.4999999999999996e-99,32.486999999999995,591,311.0,52.45,94,3.2199999999999996e-99,32.486999999999995,591,311.0,52.45,93
b0421,MBLCLPDI_01313,1.2299999999999999e-60,43.446000000000005,267,191.0,60.67,89,1.17e-50,43.86600000000001,269,166.0,61.71,90
b0423,MBLCLPDI_00553,1.8599999999999997e-30,29.758000000000003,289,118.0,53.63,59,2.1e-34,27.041,392,130.0,50.26,93
b0436,MBLCLPDI_00734,1.7099999999999997e-64,34.211,380,209.0,52.89,84,3.879999999999999e-64,34.211,380,209.0,52.89,86
b0437,MBLCLPDI_00422,1.2299999999999998e-91,62.371,194,263.0,82.99,94,2.6399999999999994e-91,62.371,194,263.0,82.99,98
b0438,MBLCLPDI_00735,1.0399999999999995e-178,62.5,400,501.0,78.75,94,2.2899999999999993e-178,62.5,400,501.0,78.75,95
b0440,MBLCLPDI_00853,7.459999999999999e-31,53.409,88,100.0,75.0,98,1.6999999999999998e-30,53.409,88,100.0,75.0,97
b0451,MBLCLPDI_01562,8.3e-71,39.701,335,224.0,60.0,77,2.7199999999999994e-75,37.949,390,237.0,58.46,98
b0459,MBLCLPDI_00533,2.7699999999999996e-68,54.348,184,202.0,70.11,99,6.4399999999999996e-68,54.348,184,202.0,70.11,97
b0470,MBLCLPDI_00355,1.9499999999999996e-78,39.934,303,257.0,61.39,47,3.4899999999999995e-78,39.934,303,257.0,61.39,50
b0472,MBLCLPDI_00357,3.76e-42,36.649,191,137.0,60.73,95,8.41e-42,36.649,191,137.0,60.73,95
b0474,MBLCLPDI_01614,4e-56,42.202,218,174.0,64.22,99,9.210000000000001e-56,42.202,218,174.0,64.22,97
b0475,MBLCLPDI_01712,2.6799999999999996e-78,41.083,314,238.0,57.64,98,1.3399999999999998e-77,41.083,314,236.0,57.64,98
b0484,MBLCLPDI_00474,2.5099999999999993e-154,41.315,639,462.0,62.13,76,3.9399999999999986e-147,41.512,648,444.0,62.65,97
b0485,MBLCLPDI_01389,5.709999999999999e-64,36.275,306,200.0,58.5,98,1.2699999999999997e-63,36.275,306,200.0,58.5,99
b0512,MBLCLPDI_00130,3.3899999999999997e-47,27.375999999999998,442,164.0,46.38,96,7.229999999999999e-47,27.375999999999998,442,164.0,46.38,99
b0522,MBLCLPDI_00141,2.61e-46,34.328,268,158.0,53.36,72,1.65e-45,30.854,363,157.0,48.48,93
b0523,MBLCLPDI_00140,5.789999999999999e-59,56.208999999999996,153,177.0,75.82,91,2.88e-45,56.208999999999996,153,143.0,75.82,95
b0526,MBLCLPDI_00330,2.729999999999999e-138,44.443999999999996,477,402.0,59.96,100,1.8799999999999995e-130,44.443999999999996,477,382.0,59.96,100
b0529,MBLCLPDI_01316,4.9299999999999993e-73,45.907,281,222.0,59.43,97,8.599999999999998e-74,45.907,281,225.0,59.43,98
b0570,MBLCLPDI_00124,1.1699999999999998e-31,33.488,215,121.0,54.88,44,1.75e-31,33.488,215,121.0,54.88,56
b0590,MBLCLPDI_01119,2.33e-27,33.961999999999996,265,104.0,53.96,77,3.8399999999999996e-27,32.946,258,104.0,53.88,97
b0605,MBLCLPDI_01199,1.2599999999999998e-73,51.336999999999996,187,216.0,70.05,100,2.8399999999999994e-73,51.336999999999996,187,216.0,70.05,100
b0612,MBLCLPDI_01687,4.73e-90,35.524,487,279.0,56.26,99,2.0799999999999997e-94,35.524,487,291.0,56.26,98
b0639,MBLCLPDI_01370,9.83e-28,29.858,211,100.0,47.39,98,2.2199999999999997e-27,29.858,211,100.0,47.39,87
b0642,MBLCLPDI_01432,0.0,41.435,864,645.0,57.64,99,0.0,41.435,864,645.0,57.64,99
b0651,MBLCLPDI_00963,2.0899999999999994e-129,57.692,312,367.0,73.4,100,4.7399999999999983e-129,57.692,312,367.0,73.4,99
b0658,MBLCLPDI_01917,6.41e-26,29.412,238,102.0,53.36,80,4.7e-25,29.412,238,101.0,53.36,53
b0660,MBLCLPDI_00823,2.8599999999999992e-98,51.63399999999999,306,290.0,67.65,88,1.4899999999999996e-93,49.849,331,279.0,66.47,94
b0674,MBLCLPDI_02103,6.4e-48,29.949,394,172.0,48.98,81,1.66e-47,29.949,394,172.0,48.98,72
b0675,MBLCLPDI_00614,2e-43,32.773,238,144.0,54.62,93,4.6099999999999995e-43,32.773,238,144.0,54.62,93
b0678,MBLCLPDI_01155,1.07e-33,32.547,212,118.0,52.36,80,2.13e-33,32.547,212,118.0,52.36,87
b0727,MBLCLPDI_00715,1.85e-59,30.979,439,196.0,52.16,98,1.38e-55,30.136999999999997,438,186.0,50.91,98
b0730,MBLCLPDI_00309,9.16e-34,30.263,228,117.0,50.88,95,2e-33,30.263,228,117.0,50.88,98
b0733,MBLCLPDI_00555,6.489999999999999e-87,33.333,510,272.0,51.37,96,5.169999999999999e-87,33.333,510,273.0,51.37,96
b0734,MBLCLPDI_00556,5.4200000000000006e-55,30.997,371,180.0,49.6,97,1.0899999999999998e-54,30.997,371,180.0,49.6,99
b0752,MBLCLPDI_01664,9.81e-55,36.042,283,176.0,57.6,89,6.139999999999999e-46,36.042,283,154.0,57.6,92
b0755,MBLCLPDI_00152,2.7699999999999993e-95,58.222,225,275.0,73.78,90,9.719999999999999e-95,58.222,225,275.0,73.78,99
b0756,MBLCLPDI_01697,6.61e-34,27.628,333,124.0,45.05,93,1.4800000000000001e-33,27.628,333,124.0,45.05,93
b0757,MBLCLPDI_01933,1.2699999999999997e-74,33.684,380,233.0,56.32,96,2.93e-74,33.684,380,233.0,56.32,97
b0759,MBLCLPDI_00368,8.54e-85,41.593,339,255.0,57.52,100,1.8799999999999996e-84,41.593,339,255.0,57.52,99
b0767,MBLCLPDI_00660,7.09e-34,30.483,269,123.0,50.56,91,1.65e-33,30.483,269,123.0,50.56,85
b0779,MBLCLPDI_00414,0.0,57.681000000000004,664,778.0,75.15,99,0.0,57.681000000000004,664,761.0,75.15,96
b0780,MBLCLPDI_00418,3.2899999999999996e-34,31.359,287,123.0,52.61,92,1.87e-35,31.359,287,127.0,52.61,86
b0782,MBLCLPDI_01105,3.46e-30,38.514,148,104.0,59.46,85,7.56e-30,38.514,148,104.0,59.46,88
b0786,MBLCLPDI_01384,4.0999999999999993e-38,37.247,247,129.0,57.09,99,9.35e-38,37.247,247,129.0,57.09,98
b0794,MBLCLPDI_01568,2.41e-36,34.802,227,133.0,54.19,91,2.65e-36,34.802,227,133.0,54.19,98
b0801,MBLCLPDI_00802,4.23e-37,25.761999999999997,361,133.0,46.26,95,9.429999999999999e-37,25.761999999999997,361,133.0,46.26,99
b0809,MBLCLPDI_00814,1.9699999999999996e-91,52.893,242,265.0,74.79,99,4.569999999999999e-91,52.893,242,265.0,74.79,97
b0822,MBLCLPDI_00595,1.9999999999999998e-30,30.961,281,111.0,49.11,98,4.6199999999999995e-30,30.961,281,111.0,49.11,99
b0827,MBLCLPDI_01106,3.1699999999999996e-39,28.141,398,141.0,45.98,92,2.3099999999999997e-38,28.351,388,139.0,46.13,95
b0844,MBLCLPDI_01058,1.02e-29,29.478,268,109.0,48.88,95,2.3500000000000002e-29,29.478,268,109.0,48.88,94
b0851,MBLCLPDI_01718,3.87e-38,31.837,245,129.0,50.61,98,1.24e-33,31.837,245,119.0,50.61,96
b0859,MBLCLPDI_01589,1.3e-34,27.348000000000003,362,129.0,47.24,93,3.5700000000000002e-34,27.348000000000003,362,129.0,47.24,78
b0879,MBLCLPDI_02018,2.0799999999999997e-63,30.840999999999998,642,218.0,47.35,93,5.539999999999998e-69,30.825,691,234.0,47.9,99
b0884,MBLCLPDI_01613,5.709999999999999e-32,63.888999999999996,72,102.0,81.94,100,1.28e-31,63.888999999999996,72,102.0,81.94,100
b0886,MBLCLPDI_00558,1.2799999999999998e-81,31.399,586,263.0,50.34,99,2.9299999999999993e-81,31.399,586,263.0,50.34,97
b0887,MBLCLPDI_00557,2.5399999999999994e-88,33.468,496,280.0,55.85,83,1.6e-84,33.266,496,271.0,55.65,86
b0888,MBLCLPDI_00407,7.789999999999998e-69,37.5,320,213.0,60.0,99,1.6899999999999995e-68,37.5,320,213.0,60.0,100
b0890,MBLCLPDI_00663,3.4999999999999986e-121,47.01,485,392.0,64.74,36,9.779999999999999e-131,47.531000000000006,486,418.0,65.23,60
b0892,MBLCLPDI_00538,1.4999999999999997e-98,39.161,429,298.0,57.11,96,3.2799999999999996e-98,39.161,429,298.0,57.11,97
b0893,MBLCLPDI_00103,9.29e-147,50.465,430,421.0,68.37,99,2.1099999999999995e-146,50.465,430,421.0,68.37,97
b0910,MBLCLPDI_00850,1.38e-44,40.097,207,145.0,60.87,91,2.1099999999999999e-50,39.189,222,161.0,59.91,97
b0911,MBLCLPDI_00851,2.04e-66,35.211,355,218.0,60.85,92,1.3499999999999998e-63,34.4,375,211.0,60.27,91
b0914,MBLCLPDI_01846,1.2099999999999996e-103,32.274,598,322.0,54.18,98,3.079999999999999e-104,32.274,598,324.0,54.18,97
b0930,MBLCLPDI_02051,7.799999999999998e-89,35.345,464,274.0,53.88,98,1.6299999999999996e-88,35.345,464,274.0,53.88,98
b0948,MBLCLPDI_01012,5.13e-46,31.283,374,164.0,48.93,52,2.0600000000000001e-41,30.484,351,152.0,48.15,85
b1022,MBLCLPDI_02055,1.3699999999999997e-57,29.808000000000003,416,192.0,50.96,91,3.19e-57,29.808000000000003,416,192.0,50.96,92
b1045,MBLCLPDI_01951,1.76e-57,52.695,167,174.0,67.66,94,3.74e-57,52.695,167,174.0,67.66,98
b1053,MBLCLPDI_01206,1.2699999999999998e-116,42.968999999999994,384,342.0,64.58,95,9.459999999999998e-112,42.968999999999994,384,330.0,64.58,97
b1090,MBLCLPDI_01293,4.4400000000000005e-60,33.918,342,193.0,52.92,94,2.27e-58,34.118,340,189.0,53.24,97
b1091,MBLCLPDI_01087,3.41e-64,35.514,321,202.0,54.83,99,7.839999999999998e-64,35.514,321,202.0,54.83,99
b1092,MBLCLPDI_01085,1.5599999999999998e-29,28.475,295,110.0,46.44,92,4.89e-26,27.74,292,102.0,46.58,91
b1093,MBLCLPDI_01084,1.3399999999999998e-60,42.213,244,187.0,61.89,99,3.02e-60,42.213,244,187.0,61.89,99
b1095,MBLCLPDI_01083,3.5599999999999995e-122,45.588,408,357.0,62.5,99,5.499999999999999e-107,45.588,408,318.0,62.5,99
b1098,MBLCLPDI_00359,1.0699999999999998e-38,35.577,208,129.0,59.62,96,2.41e-38,35.577,208,129.0,59.62,96
b1100,MBLCLPDI_00229,2.9499999999999995e-50,38.224000000000004,259,162.0,55.6,95,6.82e-50,38.224000000000004,259,162.0,55.6,93
b1109,MBLCLPDI_00559,1.92e-36,28.718000000000004,390,134.0,47.44,88,9.459999999999999e-33,28.718000000000004,390,124.0,47.44,92
b1114,MBLCLPDI_00280,0.0,34.756,1125,671.0,56.71,95,0.0,34.756,1125,671.0,56.71,93
b1120,MBLCLPDI_00225,2.0999999999999998e-27,37.037,189,102.0,51.85,66,3.579999999999999e-27,37.037,189,102.0,51.85,78
b1123,MBLCLPDI_01799,6.999999999999999e-76,38.58,324,234.0,56.48,93,1.7499999999999999e-74,39.474000000000004,304,231.0,58.22,85
b1124,MBLCLPDI_01800,1.2899999999999998e-52,36.327,245,168.0,64.49,93,7.499999999999999e-48,37.004,227,157.0,64.76,83
b1125,MBLCLPDI_01801,3.39e-44,34.274,248,147.0,58.87,90,7.429999999999999e-44,34.274,248,147.0,58.87,89
b1126,MBLCLPDI_01802,2.8999999999999995e-104,46.006,363,308.0,63.91,90,6.269999999999998e-104,46.006,363,308.0,63.91,97
b1127,MBLCLPDI_00836,7.149999999999998e-126,45.343,408,366.0,65.69,99,1.6399999999999994e-125,45.343,408,366.0,65.69,98
b1133,MBLCLPDI_00687,1.0799999999999998e-136,55.248999999999995,362,390.0,72.93,97,8.579999999999997e-142,54.848,361,404.0,72.58,95
b1190,MBLCLPDI_00273,3.64e-46,35.165,364,157.0,52.47,96,8.63e-46,35.165,364,157.0,52.47,95
b1203,MBLCLPDI_00115,4.169999999999999e-141,54.645,366,401.0,73.22,100,6.979999999999998e-146,54.645,366,414.0,73.22,100
b1204,MBLCLPDI_00279,3.92e-35,41.143,175,118.0,56.0,90,2.22e-33,40.909,176,114.0,55.68,94
b1207,MBLCLPDI_00239,2.1499999999999993e-115,51.273999999999994,314,332.0,74.2,99,5.049999999999999e-115,51.273999999999994,314,332.0,74.2,95
b1210,MBLCLPDI_01859,3.2199999999999997e-38,25.436,401,139.0,47.38,95,2.3799999999999996e-36,25.436,401,135.0,47.38,92
b1211,MBLCLPDI_00501,1.5299999999999997e-131,50.141000000000005,355,377.0,71.27,98,9.529999999999998e-124,50.141000000000005,355,358.0,71.27,98
b1212,MBLCLPDI_00502,1.11e-32,29.675,246,117.0,51.22,88,2.59e-32,29.675,246,117.0,51.22,84
b1224,MBLCLPDI_01103,0.0,48.46,1234,1214.0,65.48,98,0.0,48.46,1234,1214.0,65.48,99
b1225,MBLCLPDI_01102,0.0,57.43,498,612.0,74.5,96,0.0,57.43,498,612.0,74.5,95
b1236,MBLCLPDI_00403,1.5199999999999996e-76,43.729,295,232.0,62.71,96,3.4499999999999996e-76,43.729,295,232.0,62.71,94
b1238,MBLCLPDI_00500,3.6499999999999995e-65,50.266999999999996,187,195.0,71.66,91,7.649999999999999e-65,50.266999999999996,187,195.0,71.66,96
b1241,MBLCLPDI_00350,0.0,45.93,860,742.0,64.42,96,0.0,45.93,860,713.0,64.42,96
b1249,MBLCLPDI_00053,1.88e-51,25.253,495,177.0,45.86,100,4.2399999999999997e-51,25.253,495,177.0,45.86,100
b1274,MBLCLPDI_00867,5.169999999999998e-168,38.615,751,501.0,55.79,85,4.719999999999999e-168,38.615,751,501.0,55.79,96
b1277,MBLCLPDI_00966,5.149999999999999e-63,52.083,192,196.0,66.67,98,2.32e-62,52.083,192,196.0,66.67,48
b1281,MBLCLPDI_00132,8.01e-49,38.723,235,157.0,57.87,91,4.7e-46,38.723,235,150.0,57.87,95
b1288,MBLCLPDI_01077,1.3899999999999998e-79,46.64,253,236.0,69.57,96,3.019999999999999e-79,46.64,253,236.0,69.57,98
b1298,MBLCLPDI_00068,1.73e-28,35.909,220,104.0,47.27,84,3.72e-28,35.909,220,104.0,47.27,86
b1302,MBLCLPDI_00215,1.0699999999999997e-74,32.242,397,236.0,53.4,93,3.779999999999999e-70,32.242,397,225.0,53.4,87
b1309,MBLCLPDI_01701,2.2299999999999995e-54,28.226,496,187.0,45.56,84,4.3499999999999994e-54,28.226,496,187.0,45.56,95
b1316,MBLCLPDI_00059,6.27e-82,27.395,741,273.0,46.42,93,1.4e-81,27.395,741,273.0,46.42,96
b1317,MBLCLPDI_00060,3.1699999999999994e-53,40.094,212,166.0,58.96,97,7.159999999999998e-53,40.094,212,166.0,58.96,96
b1327,MBLCLPDI_01649,1.92e-36,34.884,258,128.0,50.78,82,3.86e-36,34.884,258,128.0,50.78,93
b1380,MBLCLPDI_01848,4.099999999999999e-64,34.985,323,202.0,56.35,98,9.359999999999998e-64,34.985,323,202.0,56.35,96
b1432,MBLCLPDI_01779,3.9199999999999994e-43,32.3,387,150.0,49.1,92,9.029999999999999e-43,32.3,387,150.0,49.1,94
b1439,MBLCLPDI_00338,2.8699999999999993e-61,31.165,369,201.0,52.03,78,5.4699999999999994e-61,31.165,369,201.0,52.03,93
b1465,MBLCLPDI_01100,1.6699999999999997e-36,33.778,225,124.0,55.11,97,3.819999999999999e-36,33.778,225,124.0,55.11,96
b1478,MBLCLPDI_01648,7.609999999999997e-147,60.651,338,414.0,75.15,100,1.8499999999999996e-131,60.651,338,375.0,75.15,99
b1479,MBLCLPDI_01690,4.559999999999998e-139,37.753,543,410.0,61.14,96,2.979999999999999e-133,37.753,543,396.0,61.14,99
b1525,MBLCLPDI_00036,6.829999999999999e-113,38.938,452,336.0,57.74,98,6.499999999999998e-107,38.938,452,322.0,57.74,99
b1539,MBLCLPDI_00742,4.14e-31,32.589,224,112.0,51.79,87,1.04e-30,32.589,224,112.0,51.79,78
b1605,MBLCLPDI_01993,3.249999999999999e-81,34.510999999999996,481,255.0,57.17,99,4.199999999999999e-87,34.510999999999996,481,271.0,57.17,98
b1611,MBLCLPDI_01689,2.289999999999999e-149,48.578,457,430.0,66.96,97,6.149999999999998e-145,48.578,457,419.0,66.96,97
b1622,MBLCLPDI_02078,5.2399999999999996e-76,33.248000000000005,391,236.0,53.96,99,1.17e-75,33.248000000000005,391,236.0,53.96,99
b1633,MBLCLPDI_00213,6.39e-46,40.625,192,147.0,57.81,91,1.4499999999999998e-45,40.625,192,147.0,57.81,90
b1634,MBLCLPDI_00301,6.54e-51,27.921,505,177.0,47.72,95,2.64e-51,27.953000000000003,508,179.0,48.23,98
b1637,MBLCLPDI_00154,4.839999999999998e-135,48.926,419,390.0,68.5,98,6.359999999999998e-142,48.926,419,408.0,68.5,99
b1647,MBLCLPDI_00187,1.35e-41,31.076999999999998,325,142.0,47.38,99,3.229999999999999e-41,31.076999999999998,325,142.0,47.38,100
b1657,MBLCLPDI_01828,2.11e-42,27.877,391,149.0,51.66,97,4e-39,28.107,338,141.0,52.37,86
b1661,MBLCLPDI_00135,4.89e-59,36.181999999999995,351,193.0,50.43,90,1.1599999999999999e-58,36.181999999999995,351,193.0,50.43,85
b1662,MBLCLPDI_00965,2.86e-29,34.518,197,104.0,52.79,97,6.05e-29,34.518,197,104.0,52.79,96
b1676,MBLCLPDI_00839,4.8399999999999984e-141,47.097,465,409.0,63.87,98,1.0999999999999997e-140,47.097,465,409.0,63.87,97
b1680,MBLCLPDI_00979,8.429999999999997e-148,50.125,399,422.0,67.67,98,1.9199999999999995e-147,50.125,399,422.0,67.67,97
b1682,MBLCLPDI_00977,4.959999999999999e-82,50.397,252,243.0,69.84,99,6.659999999999999e-84,50.794,252,248.0,69.84,94
b1683,MBLCLPDI_00981,7.459999999999998e-112,38.125,480,335.0,57.71,96,1.5899999999999998e-111,38.125,480,335.0,57.71,97
b1701,MBLCLPDI_00974,2.71e-43,29.609,358,157.0,51.96,62,4.43e-43,29.609,358,157.0,51.96,71
b1713,MBLCLPDI_01352,1.8199999999999993e-157,35.373000000000005,817,474.0,54.96,99,5.039999999999999e-150,35.373000000000005,817,456.0,54.96,100
b1714,MBLCLPDI_01353,1.1699999999999998e-112,46.153999999999996,338,327.0,66.27,99,2.809999999999999e-112,46.153999999999996,338,327.0,66.27,97
b1716,MBLCLPDI_01374,8.97e-43,58.261,115,132.0,79.13,97,7.959999999999999e-35,58.261,115,113.0,79.13,98
b1718,MBLCLPDI_01376,8.11e-55,50.617,162,167.0,70.37,90,5.16e-48,50.617,162,151.0,70.37,95
b1719,MBLCLPDI_02025,9.359999999999996e-127,36.486,592,383.0,56.42,91,6.149999999999998e-128,36.486,592,387.0,56.42,98
b1740,MBLCLPDI_00311,5.269999999999999e-111,58.456,272,318.0,71.69,99,1.1899999999999998e-110,58.456,272,318.0,71.69,99
b1767,MBLCLPDI_02065,2.23e-53,33.728,338,174.0,52.66,99,4.88e-53,33.728,338,174.0,52.66,99
b1771,MBLCLPDI_01390,1.57e-48,32.907,313,161.0,51.44,95,3.54e-48,32.907,313,161.0,51.44,91
b1776,MBLCLPDI_01747,3.2099999999999995e-26,27.072,362,103.0,46.69,98,7.070000000000001e-26,27.072,362,103.0,46.69,98
b1778,MBLCLPDI_00204,3.6699999999999997e-35,47.059,119,115.0,64.71,86,8.559999999999999e-35,47.059,119,115.0,64.71,83
b1779,MBLCLPDI_00426,3.749999999999999e-101,48.521,338,297.0,64.2,99,8.54e-101,48.521,338,297.0,64.2,99
b1781,MBLCLPDI_01445,5.5499999999999996e-89,45.652,276,262.0,64.13,97,1.2399999999999997e-88,45.652,276,262.0,64.13,98
b1791,MBLCLPDI_01920,4.37e-63,31.267,371,202.0,53.64,93,4.679999999999999e-56,31.267,371,185.0,53.64,100
b1792,MBLCLPDI_01958,5.829999999999999e-31,47.00899999999999,117,102.0,61.54,98,1.4e-30,47.00899999999999,117,102.0,61.54,95
b1808,MBLCLPDI_01003,9.42e-33,33.19,232,130.0,54.31,68,3.18e-32,33.19,232,130.0,54.31,46
b1814,MBLCLPDI_01200,8.54e-31,35.484,279,116.0,50.54,61,1.35e-38,35.484,279,138.0,50.54,89
b1822,MBLCLPDI_00661,7.979999999999998e-37,31.855,248,128.0,48.79,89,1.9e-36,31.855,248,128.0,48.79,84
b1828,MBLCLPDI_01455,8.129999999999999e-31,26.195999999999998,439,119.0,47.61,92,5.18e-30,26.666999999999998,375,118.0,49.87,80
b1829,MBLCLPDI_00260,1.88e-30,35.586,222,112.0,54.05,73,2.76e-33,32.414,290,120.0,52.07,95
b1835,MBLCLPDI_00987,3.549999999999999e-52,31.013,474,179.0,48.52,96,6.279999999999999e-53,31.013,474,182.0,48.52,99
b1852,MBLCLPDI_01921,5.019999999999999e-103,36.016,497,313.0,55.73,98,1.1299999999999997e-102,36.016,497,313.0,55.73,98
b1860,MBLCLPDI_00578,6.529999999999998e-138,58.176,318,391.0,76.1,95,1.48e-137,58.176,318,391.0,76.1,94
b1861,MBLCLPDI_00577,6.690000000000001e-31,30.348000000000003,201,108.0,54.73,99,1.48e-30,30.348000000000003,201,108.0,54.73,98
b1864,MBLCLPDI_00602,8.149999999999999e-66,47.368,247,201.0,65.18,98,8.609999999999997e-74,47.368,247,222.0,65.18,98
b1866,MBLCLPDI_00812,0.0,48.229,593,557.0,66.95,99,0.0,48.229,593,557.0,66.95,98
b1876,MBLCLPDI_01405,2.0999999999999997e-82,32.857,560,265.0,52.32,96,2.4199999999999995e-82,33.102,577,265.0,52.51,99
b1913,MBLCLPDI_00739,5.019999999999998e-109,34.539,608,336.0,54.44,98,1.12e-108,34.539,608,336.0,54.44,97
b1914,MBLCLPDI_01111,3.77e-35,33.333,216,120.0,54.63,97,8.449999999999999e-35,33.333,216,120.0,54.63,99
b1918,MBLCLPDI_00321,1.73e-65,48.443999999999996,225,198.0,66.67,95,4.099999999999999e-65,48.443999999999996,225,198.0,66.67,97
b1920,MBLCLPDI_00323,5.139999999999999e-44,35.424,271,146.0,56.46,97,1.1399999999999998e-43,35.424,271,146.0,56.46,98
b1969,MBLCLPDI_01363,6.02e-56,41.891999999999996,222,174.0,60.81,96,1.39e-55,41.891999999999996,222,174.0,60.81,97
b1991,MBLCLPDI_01851,3.749999999999999e-67,39.458,332,211.0,59.34,92,6.449999999999999e-72,39.458,332,224.0,59.34,95
b1993,MBLCLPDI_01855,2.26e-33,36.269,193,114.0,54.92,99,5.5e-33,36.269,193,114.0,54.92,97
b2029,MBLCLPDI_01922,0.0,66.17,470,644.0,80.64,99,0.0,66.17,470,644.0,80.64,98
b2034,MBLCLPDI_01519,4.5200000000000006e-35,32.922,243,126.0,54.73,70,1.0399999999999998e-34,32.922,243,126.0,54.73,70
b2036,MBLCLPDI_01524,6.439999999999998e-166,58.266000000000005,369,464.0,76.96,99,1.4699999999999996e-165,58.266000000000005,369,464.0,76.96,99
b2040,MBLCLPDI_01180,1.05e-53,36.519,293,172.0,55.63,97,2.22e-53,36.519,293,172.0,55.63,98
b2047,MBLCLPDI_01525,3.6399999999999996e-37,38.35,206,131.0,57.77,41,3.8e-37,38.35,206,131.0,57.77,92
b2066,MBLCLPDI_01350,4.999999999999999e-68,50.732,205,204.0,72.2,96,7.239999999999999e-75,50.732,205,222.0,72.2,92
b2079,MBLCLPDI_00123,4.99e-48,36.283,226,154.0,61.5,93,1.0699999999999997e-47,36.283,226,154.0,61.5,99
b2099,MBLCLPDI_00170,2.1399999999999997e-72,38.415,328,224.0,58.54,97,3.5099999999999994e-76,38.415,328,235.0,58.54,91
b2100,MBLCLPDI_00172,7.749999999999999e-56,33.108000000000004,296,179.0,56.42,91,6.32e-53,32.77,296,172.0,55.74,99
b2103,MBLCLPDI_01139,1.3200000000000002e-56,38.224000000000004,259,179.0,57.92,97,3.0400000000000002e-56,38.224000000000004,259,179.0,57.92,94
b2104,MBLCLPDI_01138,2.2399999999999998e-35,37.179,234,124.0,52.99,89,5.629999999999999e-33,37.179,234,118.0,52.99,86
b2114,MBLCLPDI_00228,1.4499999999999995e-81,26.513,694,268.0,47.41,97,3.2399999999999997e-81,26.513,694,268.0,47.41,97
b2129,MBLCLPDI_00202,2.0899999999999995e-81,49.16,238,243.0,68.49,77,3.91e-81,49.16,238,243.0,68.49,93
b2146,MBLCLPDI_01447,2.3999999999999997e-153,52.985,402,436.0,70.4,97,5.419999999999998e-153,52.985,402,436.0,70.4,97
b2147,MBLCLPDI_01446,0.0,64.891,413,577.0,78.69,100,0.0,64.891,413,577.0,78.69,96
b2153,MBLCLPDI_01414,1.85e-38,38.83,188,128.0,59.04,82,2.18e-35,38.83,188,121.0,59.04,95
b2156,MBLCLPDI_01657,0.0,54.098,488,545.0,73.98,99,0.0,54.098,488,545.0,73.98,98
b2183,MBLCLPDI_00845,7.569999999999999e-41,37.446999999999996,235,136.0,57.87,98,1.7599999999999998e-40,37.446999999999996,235,136.0,57.87,97
b2224,MBLCLPDI_00057,4.1699999999999993e-137,52.672,393,393.0,67.68,99,7.069999999999998e-130,52.672,393,375.0,67.68,100
b2231,MBLCLPDI_00006,0.0,48.485,858,813.0,69.23,98,0.0,48.485,858,832.0,69.23,99
b2249,MBLCLPDI_00572,2.4e-34,31.25,288,127.0,49.65,70,5.61e-34,31.25,288,127.0,49.65,69
b2262,MBLCLPDI_00973,5.309999999999998e-116,58.242,273,331.0,75.09,96,1.1399999999999997e-115,58.242,273,331.0,75.09,99
b2267,MBLCLPDI_02039,4.72e-31,40.288000000000004,139,105.0,58.99,90,1.01e-30,40.288000000000004,139,105.0,58.99,92
b2268,MBLCLPDI_00741,1.8299999999999997e-106,48.36600000000001,306,308.0,67.97,100,4.169999999999999e-106,48.36600000000001,306,308.0,67.97,99
b2296,MBLCLPDI_00611,1.2099999999999998e-102,41.919,396,306.0,62.63,98,2.7099999999999994e-102,41.919,396,306.0,62.63,98
b2297,MBLCLPDI_00439,4.719999999999999e-80,44.193999999999996,310,254.0,61.94,43,4.8199999999999995e-80,44.193999999999996,310,254.0,61.94,95
b2298,MBLCLPDI_01996,2.7399999999999993e-65,29.389,507,216.0,49.51,95,6.289999999999999e-65,29.389,507,216.0,49.51,95
b2312,MBLCLPDI_00147,2.2799999999999995e-99,38.604,487,304.0,57.91,95,3.1399999999999987e-103,38.604,487,315.0,57.91,96
b2315,MBLCLPDI_01413,3.7799999999999995e-44,30.711,394,155.0,48.48,90,1.19e-41,30.401999999999997,398,149.0,47.49,93
b2316,MBLCLPDI_01079,1.4999999999999997e-64,40.625,256,201.0,62.11,84,3.129999999999999e-64,40.625,256,201.0,62.11,89
b2317,MBLCLPDI_00616,9.119999999999999e-57,47.343,207,175.0,66.67,94,9.729999999999997e-63,47.805,205,191.0,66.83,95
b2318,MBLCLPDI_01604,1.1799999999999998e-54,37.751,249,173.0,58.23,90,2.52e-54,37.751,249,173.0,58.23,97
b2319,MBLCLPDI_00700,5.1e-49,31.232,349,164.0,52.72,99,1.2e-48,31.232,349,164.0,52.72,99
b2351,MBLCLPDI_01526,2.0999999999999996e-78,43.321999999999996,307,237.0,62.54,99,1.2999999999999997e-81,43.321999999999996,307,246.0,62.54,99
b2373,MBLCLPDI_00544,0.0,50.534,562,580.0,71.17,99,0.0,50.534,562,551.0,71.17,97
b2374,MBLCLPDI_00545,1.38e-107,58.75899999999999,274,315.0,73.72,65,2.3999999999999994e-105,58.75899999999999,274,310.0,73.72,96
b2379,MBLCLPDI_00378,3.4199999999999994e-89,37.306,386,271.0,55.96,92,7.319999999999998e-89,37.306,386,271.0,55.96,97
b2380,MBLCLPDI_00989,1.3799999999999998e-84,30.375,586,270.0,52.22,98,3.22e-84,30.375,586,270.0,52.22,98
b2381,MBLCLPDI_00990,1.6600000000000002e-43,34.286,245,143.0,56.33,100,3.7200000000000004e-43,34.286,245,143.0,56.33,100
b2385,MBLCLPDI_01320,5.799999999999999e-65,35.246,366,206.0,55.19,99,1.2899999999999998e-64,35.246,366,206.0,55.19,100
b2392,MBLCLPDI_02023,1.1899999999999998e-64,31.706999999999997,451,212.0,52.99,99,3.32e-65,31.706999999999997,451,214.0,52.99,84
b2393,MBLCLPDI_00107,1.3999999999999998e-65,34.021,388,210.0,56.96,96,3.1799999999999994e-65,34.021,388,210.0,56.96,95
b2400,MBLCLPDI_01336,4.619999999999999e-83,33.469,493,261.0,53.75,98,1.1099999999999999e-82,33.469,493,261.0,53.75,98
b2411,MBLCLPDI_01596,0.0,41.653999999999996,665,534.0,61.95,99,0.0,41.653999999999996,665,534.0,61.95,97
b2414,MBLCLPDI_01948,4.8299999999999997e-82,49.051,316,247.0,65.19,97,2.5199999999999996e-82,49.051,316,249.0,65.19,99
b2416,MBLCLPDI_01475,5.1799999999999984e-170,43.881,572,491.0,64.51,99,2.429999999999999e-165,43.881,572,480.0,64.51,99
b2431,MBLCLPDI_01705,8.369999999999998e-28,28.8,250,105.0,46.4,81,1.98e-27,28.8,250,105.0,46.4,77
b2454,MBLCLPDI_01907,1.36e-48,40.0,245,159.0,55.51,86,3.21e-49,40.0,245,161.0,55.51,87
b2455,MBLCLPDI_01891,4.5999999999999986e-104,40.95,442,315.0,57.92,93,7.029999999999997e-97,39.762,420,297.0,55.95,87
b2462,MBLCLPDI_01888,1.33e-35,47.748000000000005,111,114.0,73.87,99,3.09e-35,47.748000000000005,111,114.0,73.87,97
b2476,MBLCLPDI_00143,1.5299999999999997e-57,43.172,227,179.0,59.03,95,3.47e-57,43.172,227,179.0,59.03,95
b2478,MBLCLPDI_00697,3e-58,37.234,282,185.0,54.96,96,7.109999999999999e-58,37.234,282,185.0,54.96,91
b2497,MBLCLPDI_00509,6.23e-120,45.946000000000005,407,352.0,70.27,93,9.469999999999998e-127,46.173,405,370.0,70.37,96
b2498,MBLCLPDI_00505,1.7599999999999997e-76,51.724,203,225.0,72.91,97,4.0199999999999986e-76,51.724,203,225.0,72.91,96
b2499,MBLCLPDI_00148,9.509999999999996e-109,48.036,331,317.0,67.98,94,2.1399999999999996e-108,48.036,331,317.0,67.98,96
b2500,MBLCLPDI_00149,1.8600000000000002e-43,34.27,178,140.0,58.99,84,3.74e-43,34.27,178,140.0,58.99,94
b2501,MBLCLPDI_00366,4.1999999999999987e-119,32.861,706,369.0,52.83,94,1.12e-118,32.861,706,369.0,52.83,90
b2502,MBLCLPDI_00222,2.52e-28,27.796,313,110.0,49.2,59,3.86e-28,27.796,313,110.0,49.2,99
b2507,MBLCLPDI_01772,0.0,51.931000000000004,518,571.0,73.17,98,0.0,51.931000000000004,518,571.0,73.17,98
b2508,MBLCLPDI_00122,4.019999999999999e-106,57.706,279,317.0,72.4,74,6.289999999999999e-92,57.706,279,281.0,72.4,96
b2509,MBLCLPDI_01315,1.95e-92,36.569,443,283.0,58.69,96,4.27e-89,35.498000000000005,462,275.0,54.76,98
b2511,MBLCLPDI_00852,1.5299999999999994e-102,36.98,457,310.0,59.08,92,5.659999999999999e-102,36.98,457,309.0,59.08,98
b2514,MBLCLPDI_02010,1.2999999999999995e-111,38.717,421,330.0,60.33,98,2.9199999999999996e-111,38.717,421,330.0,60.33,98
b2518,MBLCLPDI_00219,1.13e-31,41.007,139,106.0,56.83,94,2.6199999999999996e-31,41.007,139,106.0,56.83,95
b2530,MBLCLPDI_00685,7.709999999999998e-77,39.535,387,239.0,57.11,94,1.6499999999999996e-76,39.535,387,239.0,57.11,98
b2533,MBLCLPDI_00718,9.89e-28,28.151,238,103.0,49.58,88,2.1399999999999998e-27,28.151,238,103.0,49.58,90
b2551,MBLCLPDI_00504,9.299999999999997e-174,58.251999999999995,412,488.0,74.03,98,1.3999999999999997e-165,58.251999999999995,412,468.0,74.03,99
b2559,MBLCLPDI_00354,2.2899999999999997e-40,44.36600000000001,142,130.0,65.49,85,2.16e-42,42.766999999999996,159,136.0,66.67,94
b2566,MBLCLPDI_00826,1.0299999999999999e-66,39.519,291,207.0,60.14,96,7.359999999999998e-71,39.519,291,218.0,60.14,96
b2567,MBLCLPDI_01291,2.8e-35,32.743,226,121.0,53.98,96,1.29e-30,31.28,211,110.0,52.13,89
b2569,MBLCLPDI_00793,0.0,55.743,592,700.0,75.17,99,0.0,55.743,592,672.0,75.17,97
b2580,MBLCLPDI_00438,7.639999999999998e-74,52.036,221,220.0,66.52,97,1.7199999999999996e-73,52.036,221,220.0,66.52,95
b2592,MBLCLPDI_01646,0.0,44.803999999999995,866,684.0,62.7,99,0.0,44.803999999999995,866,684.0,62.7,97
b2594,MBLCLPDI_01016,1.4399999999999999e-78,43.849,317,238.0,62.46,96,3.0099999999999993e-78,43.849,317,238.0,62.46,99
b2606,MBLCLPDI_01281,8.02e-43,58.036,112,133.0,72.32,97,2.01e-42,58.036,112,133.0,72.32,88
b2607,MBLCLPDI_01283,4.869999999999999e-80,47.967,246,237.0,63.01,95,2.849999999999999e-76,47.56100000000001,246,229.0,63.01,97
b2610,MBLCLPDI_01287,7.739999999999998e-146,46.681000000000004,452,421.0,67.7,99,3.999999999999999e-140,46.681000000000004,452,407.0,67.7,94
b2616,MBLCLPDI_01310,4.239999999999999e-99,34.05,558,307.0,53.94,99,9.64e-99,34.05,558,307.0,53.94,99
b2620,MBLCLPDI_00436,2.4e-40,42.038000000000004,157,129.0,63.69,98,5.309999999999999e-40,42.038000000000004,157,129.0,63.69,99
b2675,MBLCLPDI_00352,0.0,50.0,714,749.0,69.33,98,0.0,50.0,714,749.0,69.33,98
b2676,MBLCLPDI_00351,1.5299999999999996e-105,47.799,318,308.0,65.41,99,3.67e-105,47.799,318,308.0,65.41,94
b2686,MBLCLPDI_01676,1.28e-39,23.168000000000003,505,146.0,47.33,95,4.67e-40,23.413,504,148.0,47.22,95
b2687,MBLCLPDI_01744,7.890000000000001e-38,37.748000000000005,151,123.0,58.94,88,1.6399999999999997e-37,37.748000000000005,151,123.0,58.94,93
b2697,MBLCLPDI_00583,0.0,41.077,891,654.0,59.37,99,0.0,41.077,891,657.0,59.37,99
b2699,MBLCLPDI_00573,2.1899999999999993e-148,59.813,321,419.0,80.69,91,5.059999999999998e-148,59.813,321,419.0,80.69,89
b2711,MBLCLPDI_00072,6.399999999999999e-30,29.166999999999998,240,115.0,46.25,60,1.72e-29,29.166999999999998,240,115.0,46.25,53
b2733,MBLCLPDI_00575,0.0,39.089,834,585.0,60.19,96,0.0,39.089,834,572.0,60.19,94
b2779,MBLCLPDI_00429,1.5299999999999994e-176,59.858999999999995,426,497.0,74.18,98,4.1399999999999986e-176,59.858999999999995,426,496.0,74.18,96
b2780,MBLCLPDI_00248,0.0,55.268,541,599.0,70.98,98,0.0,55.268,541,583.0,70.98,99
b2801,MBLCLPDI_00447,4.3499999999999995e-79,33.949,433,248.0,56.35,95,5.539999999999999e-82,33.949,433,256.0,56.35,96
b2827,MBLCLPDI_00857,5.309999999999999e-106,50.479,313,306.0,61.02,99,1.2999999999999997e-103,49.84,313,301.0,61.02,98
b2838,MBLCLPDI_00694,9.319999999999999e-46,32.471,425,159.0,49.88,95,8.309999999999999e-44,32.614000000000004,417,155.0,49.4,91
b2874,MBLCLPDI_00469,4.469999999999998e-108,52.941,306,313.0,71.9,98,1.6799999999999996e-107,52.941,306,312.0,71.9,98
b2888,MBLCLPDI_01988,5.019999999999999e-91,39.524,420,280.0,61.19,87,1.6399999999999996e-94,39.524,420,290.0,61.19,94
b2891,MBLCLPDI_00397,2.5599999999999997e-112,51.988,327,327.0,68.5,89,1.1399999999999998e-114,51.988,327,333.0,68.5,98
b2899,MBLCLPDI_00859,2.9699999999999997e-35,38.249,217,120.0,59.91,99,3e-41,38.249,217,137.0,59.91,100
b2914,MBLCLPDI_00325,3.0899999999999994e-52,41.778,225,164.0,62.67,99,7.2e-52,41.778,225,164.0,62.67,99
b2926,MBLCLPDI_00427,2.1399999999999994e-97,42.537,402,292.0,60.45,99,4.989999999999999e-97,42.537,402,292.0,60.45,100
b2942,MBLCLPDI_01433,3.249999999999999e-167,60.714,392,469.0,77.81,99,5.679999999999998e-175,60.714,392,490.0,77.81,99
b2951,MBLCLPDI_01321,3.779999999999999e-45,38.333,240,147.0,55.0,99,8.550000000000001e-45,38.333,240,147.0,55.0,98
b2954,MBLCLPDI_00592,3.5299999999999997e-54,46.073,191,167.0,63.35,97,7.859999999999999e-54,46.073,191,167.0,63.35,96
b3012,MBLCLPDI_02063,1.4999999999999997e-78,46.038000000000004,265,236.0,65.66,95,3.5699999999999995e-78,46.038000000000004,265,236.0,65.66,90
b3064,MBLCLPDI_00373,1.2199999999999997e-86,42.073,328,261.0,63.11,96,2.7999999999999994e-86,42.073,328,261.0,63.11,95
b3066,MBLCLPDI_00830,3.5999999999999994e-83,36.946,406,268.0,57.14,69,8.649999999999998e-83,36.946,406,268.0,57.14,65
b3067,MBLCLPDI_00831,1.7499999999999996e-117,69.748,238,350.0,83.19,59,3.339999999999999e-117,69.748,238,350.0,83.19,93
b3075,MBLCLPDI_01931,5.569999999999999e-63,33.836999999999996,331,199.0,57.1,99,1.2599999999999997e-62,33.836999999999996,331,199.0,57.1,99
b3087,MBLCLPDI_01542,1.22e-56,32.743,339,183.0,53.69,99,2.84e-56,32.743,339,183.0,53.69,99
b3124,MBLCLPDI_00704,7.049999999999998e-103,50.528999999999996,378,305.0,65.34,98,1.2399999999999996e-108,50.528999999999996,378,321.0,65.34,99
b3127,MBLCLPDI_00970,3.52e-32,26.95,423,122.0,47.99,95,3.3999999999999997e-35,26.95,423,131.0,47.99,97
b3137,MBLCLPDI_00256,2.25e-49,34.043,282,161.0,52.84,95,5.1e-49,34.043,282,161.0,52.84,95
b3146,MBLCLPDI_00363,2.709999999999999e-68,43.165,278,210.0,58.99,95,1.7599999999999998e-66,46.725,229,206.0,63.76,79
b3162,MBLCLPDI_00262,5.629999999999999e-114,41.68600000000001,439,346.0,61.73,70,3.54e-114,41.761,443,347.0,61.85,88
b3166,MBLCLPDI_00786,3.25e-50,35.472,265,165.0,55.85,82,7.009999999999998e-50,35.472,265,165.0,55.85,85
b3168,MBLCLPDI_00784,0.0,52.313,562,592.0,70.82,62,0.0,47.281000000000006,662,571.0,65.41,86
b3169,MBLCLPDI_00781,2.2299999999999996e-71,33.763000000000005,388,228.0,58.25,72,3.999999999999999e-71,33.763000000000005,388,228.0,58.25,98
b3172,MBLCLPDI_00819,1.2799999999999998e-29,26.975,367,115.0,47.14,80,4.91e-29,26.558000000000003,369,114.0,47.43,84
b3176,MBLCLPDI_00450,2.0799999999999997e-118,42.506,447,350.0,61.97,99,3.51e-111,42.506,447,332.0,61.97,98
b3177,MBLCLPDI_01411,3.3999999999999997e-44,30.596999999999998,268,150.0,55.22,93,1.0499999999999998e-43,30.596999999999998,268,150.0,55.22,67
b3178,MBLCLPDI_00286,2.4099999999999992e-161,46.785,622,476.0,67.36,91,0.0,47.419,620,560.0,68.06,88
b3181,MBLCLPDI_01349,6.43e-33,39.355,155,110.0,62.58,98,2.3199999999999997e-34,39.355,155,115.0,62.58,97
b3183,MBLCLPDI_00740,5.119999999999999e-88,45.028999999999996,342,269.0,62.87,87,9.769999999999999e-84,45.028999999999996,342,259.0,62.87,78
b3187,MBLCLPDI_01211,4.6900000000000004e-32,31.506999999999998,292,118.0,49.32,88,1.0599999999999998e-31,31.506999999999998,292,118.0,49.32,87
b3189,MBLCLPDI_00519,1.1199999999999998e-124,47.281000000000006,423,364.0,64.07,100,2.6299999999999994e-124,47.281000000000006,423,364.0,64.07,96
b3205,MBLCLPDI_00417,2.56e-60,38.908,293,189.0,58.7,99,5.89e-60,38.908,293,189.0,58.7,98
b3230,MBLCLPDI_01602,3.2899999999999994e-41,50.794,126,129.0,65.08,97,7.46e-41,50.794,126,129.0,65.08,96
b3231,MBLCLPDI_01603,3.6700000000000005e-53,54.286,140,161.0,72.14,99,8.550000000000001e-53,54.286,140,161.0,72.14,95
b3251,MBLCLPDI_00562,4.71e-114,50.299,334,330.0,72.75,96,1.0199999999999997e-113,50.299,334,330.0,72.75,98
b3256,MBLCLPDI_01080,4.259999999999998e-146,47.566,452,421.0,67.26,100,6.1199999999999985e-145,47.566,452,419.0,67.26,99
b3260,MBLCLPDI_00288,8.98e-68,37.266999999999996,322,211.0,58.39,99,2.0999999999999995e-67,37.266999999999996,322,211.0,58.39,95
b3262,MBLCLPDI_00220,3.69e-34,32.389,247,122.0,49.8,82,9.01e-34,32.389,247,122.0,49.8,77
b3271,MBLCLPDI_00105,1.2299999999999998e-99,55.967,243,287.0,74.07,96,2.6999999999999994e-99,55.967,243,287.0,74.07,98
b3288,MBLCLPDI_01304,3.7799999999999988e-65,38.033,305,204.0,57.05,96,2.1299999999999997e-71,38.033,305,221.0,57.05,96
b3289,MBLCLPDI_01303,5.62e-57,30.717,446,190.0,50.9,99,1.3200000000000002e-56,30.717,446,190.0,50.9,98
b3291,MBLCLPDI_00346,8.87e-33,45.385,130,108.0,64.62,96,1.81e-32,45.385,130,108.0,64.62,98
b3295,MBLCLPDI_01609,7.5499999999999995e-81,42.122,311,244.0,64.95,94,1.6199999999999998e-80,42.122,311,244.0,64.95,98
b3296,MBLCLPDI_00550,6.389999999999998e-58,46.635,208,177.0,65.38,100,1.4e-57,46.635,208,177.0,65.38,100
b3297,MBLCLPDI_01610,7.779999999999998e-50,61.983000000000004,121,151.0,78.51,94,2.9799999999999996e-55,61.983000000000004,121,166.0,78.51,94
b3298,MBLCLPDI_01611,1.15e-44,57.658,111,137.0,78.38,94,2.6599999999999997e-44,57.658,111,137.0,78.38,92
b3300,MBLCLPDI_01615,2.2999999999999994e-94,39.251999999999995,428,287.0,60.05,93,9.8e-80,38.967,426,251.0,59.15,95
b3303,MBLCLPDI_01618,4.91e-49,48.387,155,152.0,70.97,93,1.1200000000000001e-48,48.387,155,152.0,70.97,92
b3305,MBLCLPDI_01620,1.18e-42,40.909,176,137.0,62.5,99,2.68e-42,40.909,176,137.0,62.5,98
b3306,MBLCLPDI_01621,2.8399999999999998e-42,51.145,131,132.0,68.7,99,6.49e-42,51.145,131,132.0,68.7,99
b3308,MBLCLPDI_01623,8.75e-83,59.887,177,239.0,80.23,99,1.9699999999999997e-78,59.887,177,228.0,80.23,98
b3310,MBLCLPDI_01625,1.4899999999999997e-52,63.415,123,157.0,78.86,100,3.3300000000000004e-52,63.415,123,157.0,78.86,100
b3313,MBLCLPDI_01628,2.82e-43,52.985,134,135.0,70.15,98,6.73e-43,52.985,134,135.0,70.15,93
b3314,MBLCLPDI_01629,3.8699999999999995e-88,57.211999999999996,208,256.0,77.4,89,8.249999999999999e-88,57.211999999999996,208,256.0,77.4,94
b3315,MBLCLPDI_01630,1.4199999999999997e-33,55.66,106,108.0,71.7,96,3.3399999999999995e-33,55.66,106,108.0,71.7,92
b3316,MBLCLPDI_01631,3.37e-39,64.773,88,121.0,79.55,96,2.37e-36,65.06,83,115.0,79.52,90
b3317,MBLCLPDI_01632,2.3799999999999997e-103,56.522,276,298.0,71.74,100,5.509999999999998e-103,56.522,276,298.0,71.74,98
b3319,MBLCLPDI_01634,4.07e-45,39.683,189,145.0,62.96,94,9.44e-45,39.683,189,145.0,62.96,91
b3320,MBLCLPDI_01635,9.129999999999999e-55,45.894,207,170.0,63.77,99,2.15e-54,45.894,207,170.0,63.77,93
b3321,MBLCLPDI_01636,3.5e-46,62.745,102,140.0,84.31,99,7.799999999999999e-46,62.745,102,140.0,84.31,100
b3339,MBLCLPDI_00733,0.0,71.684,392,562.0,83.93,99,0.0,71.684,392,560.0,83.93,99
b3340,MBLCLPDI_01638,0.0,57.347,701,816.0,74.18,99,0.0,57.347,701,816.0,74.18,99
b3341,MBLCLPDI_01639,4.2399999999999995e-65,55.128,156,193.0,74.36,87,8.299999999999998e-65,55.128,156,193.0,74.36,100
b3342,MBLCLPDI_01640,2.58e-55,63.971000000000004,136,165.0,70.59,99,6.509999999999999e-55,63.971000000000004,136,165.0,70.59,98
b3352,MBLCLPDI_00381,7.959999999999997e-113,32.248000000000005,645,348.0,53.8,97,1.8099999999999996e-112,32.248000000000005,645,348.0,53.8,99
b3368,MBLCLPDI_01868,1.1999999999999998e-68,47.083,240,222.0,69.17,52,4.039999999999999e-71,47.083,240,229.0,69.17,52
b3370,MBLCLPDI_00416,6.809999999999999e-50,31.947,457,171.0,49.89,98,3.1099999999999995e-45,31.947,457,160.0,49.89,98
b3384,MBLCLPDI_00221,1.33e-47,32.738,336,159.0,52.98,98,3.0399999999999995e-47,32.738,336,159.0,52.98,98
b3386,MBLCLPDI_01299,7.009999999999999e-57,44.059,202,176.0,65.84,90,1.5200000000000001e-56,44.059,202,176.0,65.84,93
b3407,MBLCLPDI_00312,0.0,46.013999999999996,715,594.0,62.38,91,0.0,46.013999999999996,715,589.0,62.38,97
b3409,MBLCLPDI_00975,9.569999999999998e-135,34.938,727,410.0,53.65,92,1.7099999999999996e-122,34.986,726,379.0,53.72,99
b3415,MBLCLPDI_00884,1.6099999999999998e-125,49.865,371,365.0,70.08,82,1.2699999999999995e-120,49.865,371,353.0,70.08,97
b3464,MBLCLPDI_01289,2.27e-82,43.251999999999995,326,260.0,65.95,64,7.289999999999998e-83,43.251999999999995,326,263.0,65.95,63
b3465,MBLCLPDI_00722,7.839999999999999e-30,33.510999999999996,188,105.0,50.53,93,1.6699999999999999e-29,33.510999999999996,188,105.0,50.53,99
b3500,MBLCLPDI_01561,1.81e-52,29.978,447,178.0,47.43,98,2.01e-48,29.837,429,169.0,47.55,94
b3508,MBLCLPDI_02090,6.279999999999998e-42,53.906000000000006,128,137.0,75.0,58,1.48e-41,53.906000000000006,128,137.0,75.0,57
b3523,MBLCLPDI_00174,8.279999999999998e-130,49.199,437,378.0,67.28,98,1.4699999999999995e-127,49.199,437,373.0,67.28,98
b3547,MBLCLPDI_01762,1.17e-37,27.204,397,137.0,47.36,95,1.3e-36,27.631999999999998,380,135.0,47.11,92
b3549,MBLCLPDI_01434,6.009999999999999e-49,42.775,173,153.0,63.58,93,1.29e-48,42.775,173,153.0,63.58,97
b3558,MBLCLPDI_01749,1.2e-50,36.14,285,169.0,55.44,96,4.44e-50,36.14,285,169.0,55.44,61
b3559,MBLCLPDI_00829,8.349999999999997e-116,32.602,684,359.0,51.17,98,3.2699999999999992e-115,32.602,684,358.0,51.17,97
b3560,MBLCLPDI_00828,1.0099999999999998e-131,61.016999999999996,295,373.0,74.24,97,2.4599999999999994e-131,61.016999999999996,295,373.0,74.24,88
b3564,MBLCLPDI_00882,5.789999999999999e-58,28.884,502,196.0,46.22,99,9.12e-53,29.96,494,182.0,46.96,96
b3589,MBLCLPDI_00032,6.609999999999999e-112,44.063,379,328.0,61.21,98,1.5099999999999996e-111,44.063,379,328.0,61.21,97
b3606,MBLCLPDI_00662,1.3199999999999998e-39,44.156000000000006,154,128.0,63.64,96,3.19e-39,44.156000000000006,154,128.0,63.64,91
b3608,MBLCLPDI_00402,1.4199999999999997e-80,39.879,331,245.0,59.82,95,3.1899999999999996e-80,39.879,331,245.0,59.82,97
b3616,MBLCLPDI_02022,1.2899999999999998e-42,31.778000000000002,343,147.0,47.81,99,3.65e-44,31.778000000000002,343,152.0,47.81,96
b3628,MBLCLPDI_01520,3.97e-57,34.071999999999996,361,186.0,52.08,98,8.69e-57,34.071999999999996,361,186.0,52.08,98
b3634,MBLCLPDI_00723,8.009999999999999e-45,41.026,156,141.0,64.1,98,1.96e-44,41.026,156,141.0,64.1,90
b3635,MBLCLPDI_01381,3.6099999999999995e-48,36.029,272,157.0,50.0,99,8.339999999999999e-48,36.029,272,157.0,50.0,99
b3639,MBLCLPDI_01306,8.789999999999997e-88,43.011,372,268.0,59.95,91,1.2799999999999999e-82,43.011,372,256.0,59.95,92
b3648,MBLCLPDI_01308,1.78e-55,44.615,195,171.0,62.56,94,3.9799999999999994e-55,44.615,195,171.0,62.56,94
b3650,MBLCLPDI_00809,1.4099999999999993e-177,37.193000000000005,734,521.0,59.67,99,3.3799999999999987e-177,37.193000000000005,734,521.0,59.67,98
b3652,MBLCLPDI_01294,2.4399999999999993e-123,39.759,664,379.0,55.12,94,9.819999999999998e-125,39.759,664,383.0,55.12,94
b3656,MBLCLPDI_01142,1.96e-76,28.271,619,258.0,47.33,77,4.3799999999999986e-76,28.271,619,258.0,47.33,80
b3660,MBLCLPDI_01006,2.18e-36,28.475,295,128.0,51.53,95,2.48e-32,28.475,295,119.0,51.53,96
b3664,MBLCLPDI_00549,2.5399999999999994e-102,39.954,433,309.0,62.82,96,1.19e-105,40.092,434,318.0,63.13,93
b3671,MBLCLPDI_00138,2.0799999999999996e-58,27.273000000000003,539,200.0,47.5,93,1.2199999999999998e-59,27.14,549,204.0,48.27,97
b3697,MBLCLPDI_00241,9.999999999999999e-69,39.927,273,210.0,63.0,99,2.2799999999999996e-68,39.927,273,210.0,63.0,99
b3699,MBLCLPDI_00005,0.0,52.035,565,551.0,70.09,78,0.0,52.035,565,554.0,70.09,97
b3700,MBLCLPDI_00004,1.87e-30,24.599,374,115.0,46.79,99,4.4e-30,24.599,374,115.0,46.79,99
b3701,MBLCLPDI_00002,4.67e-38,27.296999999999997,381,136.0,48.56,99,1.09e-37,27.296999999999997,381,136.0,48.56,99
b3702,MBLCLPDI_00001,3.2199999999999994e-111,42.06,466,332.0,58.37,99,4.499999999999999e-115,42.06,466,342.0,58.37,99
b3706,MBLCLPDI_02105,1.0599999999999999e-80,34.12,466,253.0,58.15,99,2.4199999999999996e-80,34.12,466,253.0,58.15,99
b3724,MBLCLPDI_01722,2.65e-29,29.665,209,106.0,54.07,86,5.79e-29,29.665,209,106.0,54.07,89
b3725,MBLCLPDI_01723,5.689999999999999e-91,48.583,247,265.0,72.47,96,1.2499999999999998e-90,48.583,247,265.0,72.47,98
b3726,MBLCLPDI_01724,1.6399999999999997e-32,36.207,232,117.0,53.02,73,4.2699999999999993e-32,36.207,232,117.0,53.02,78
b3727,MBLCLPDI_01725,9.25e-32,28.289,304,116.0,50.66,93,1.9499999999999999e-31,28.289,304,116.0,50.66,93
b3729,MBLCLPDI_00451,1.0899999999999998e-144,39.677,620,428.0,58.23,100,2.439999999999999e-144,39.677,620,428.0,58.23,100
b3730,MBLCLPDI_00238,7.859999999999997e-109,39.69,451,325.0,60.09,98,1.7599999999999996e-108,39.69,451,325.0,60.09,99
b3732,MBLCLPDI_00516,0.0,65.94800000000001,464,614.0,81.25,100,0.0,65.94800000000001,464,614.0,81.25,98
b3733,MBLCLPDI_00515,3.38e-48,31.373,306,159.0,52.29,98,8.32e-48,31.373,306,159.0,52.29,97
b3734,MBLCLPDI_00514,0.0,52.242,513,528.0,69.59,99,0.0,52.242,513,528.0,69.59,99
b3740,MBLCLPDI_00110,1.1e-29,33.014,209,106.0,48.8,94,2.8699999999999994e-29,33.014,209,106.0,48.8,87
b3741,MBLCLPDI_02104,0.0,49.596000000000004,619,597.0,67.85,98,0.0,49.596000000000004,619,608.0,67.85,96
b3744,MBLCLPDI_02050,1.1499999999999997e-95,48.71,310,283.0,63.23,93,2.6299999999999996e-95,48.71,310,283.0,63.23,89
b3748,MBLCLPDI_00446,1.3999999999999997e-38,41.727,139,123.0,65.47,100,2.9799999999999995e-38,41.727,139,123.0,65.47,100
b3752,MBLCLPDI_00445,4.73e-72,41.86,301,221.0,59.8,96,1.0899999999999999e-67,41.86,301,211.0,59.8,97
b3753,MBLCLPDI_01423,2.43e-47,31.325,332,159.0,54.82,99,5.609999999999999e-47,31.325,332,159.0,54.82,96
b3786,MBLCLPDI_00341,2.759999999999999e-132,51.49100000000001,369,379.0,67.48,98,4.469999999999999e-127,51.49100000000001,369,367.0,67.48,97
b3788,MBLCLPDI_01181,8.929999999999998e-78,47.603,292,237.0,62.67,79,5.229999999999998e-90,47.603,292,269.0,62.67,91
b3795,MBLCLPDI_00431,2.459999999999999e-168,51.183,465,478.0,69.68,99,7.799999999999998e-163,51.183,465,465.0,69.68,99
b3805,MBLCLPDI_01858,1.2399999999999998e-63,40.203,296,199.0,56.76,94,2.7199999999999996e-63,40.203,296,199.0,56.76,96
b3811,MBLCLPDI_00841,8.759999999999998e-53,30.565,301,171.0,56.48,98,1.96e-52,30.565,301,171.0,56.48,100
b3813,MBLCLPDI_01597,0.0,40.77,753,538.0,60.16,99,0.0,40.77,753,556.0,60.16,99
b3822,MBLCLPDI_00848,9.28e-81,38.952,439,259.0,54.9,63,7.020000000000001e-85,38.952,439,270.0,54.9,90
b3833,MBLCLPDI_01207,5.5e-51,38.496,226,162.0,57.08,90,1.15e-50,38.496,226,162.0,57.08,95
b3835,MBLCLPDI_01037,2.7799999999999996e-42,28.91,422,155.0,46.68,69,6.61e-42,28.18,511,155.0,45.6,85
b3846,MBLCLPDI_00109,4.4699999999999995e-30,29.758000000000003,289,116.0,49.83,38,5.11e-26,31.343000000000004,201,104.0,53.23,68
b3863,MBLCLPDI_01382,0.0,38.188,927,553.0,56.96,99,1.6299999999999996e-179,38.188,927,540.0,56.96,99
b3865,MBLCLPDI_00736,2.04e-36,34.921,189,122.0,55.03,90,4.29e-36,34.921,189,122.0,55.03,94
b3870,MBLCLPDI_01337,3.899999999999999e-90,39.72,428,278.0,56.78,90,8.359999999999997e-90,39.72,428,278.0,56.78,89
b3871,MBLCLPDI_00719,0.0,53.434,597,668.0,73.7,98,0.0,53.434,597,668.0,73.7,97
b3887,MBLCLPDI_00810,2.4599999999999996e-42,43.056000000000004,144,133.0,62.5,99,5.5399999999999995e-42,43.056000000000004,144,133.0,62.5,99
b3912,MBLCLPDI_00021,3.8399999999999992e-62,43.348,233,190.0,66.09,98,2.11e-55,43.348,233,174.0,65.24,97
b3919,MBLCLPDI_00428,8.379999999999999e-49,38.461999999999996,247,157.0,51.42,96,1.84e-48,38.461999999999996,247,157.0,51.42,99
b3926,MBLCLPDI_01192,0.0,58.3,494,623.0,76.92,98,0.0,58.3,494,623.0,76.92,99
b3927,MBLCLPDI_01908,2.8399999999999997e-31,36.626,243,112.0,51.44,84,5.3399999999999995e-31,36.626,243,112.0,51.44,94
b3934,MBLCLPDI_00600,1.6999999999999998e-44,26.488000000000003,336,152.0,51.19,98,3.76e-44,26.488000000000003,336,152.0,51.19,99
b3935,MBLCLPDI_01305,2.2099999999999995e-134,40.768,547,412.0,58.32,87,5.489999999999999e-134,40.768,547,412.0,58.32,80
b3939,MBLCLPDI_00320,1.8199999999999994e-103,42.857,378,306.0,61.11,98,4.0199999999999994e-103,42.857,378,306.0,61.11,99
b3945,MBLCLPDI_02000,2.3699999999999997e-103,43.978,357,305.0,61.34,97,5.419999999999999e-103,43.978,357,305.0,61.34,96
b3960,MBLCLPDI_00820,1.5999999999999996e-152,48.246,456,437.0,66.23,99,3.619999999999999e-152,48.246,456,437.0,66.23,98
b3974,MBLCLPDI_01775,1.9199999999999998e-94,45.902,305,278.0,66.89,97,4.199999999999999e-94,45.902,305,278.0,66.89,98
b3982,MBLCLPDI_00335,1.9099999999999997e-45,41.111000000000004,180,144.0,62.22,98,4.270000000000001e-45,41.111000000000004,180,144.0,62.22,98
b3983,MBLCLPDI_00336,2.6999999999999995e-58,65.493,142,174.0,79.58,100,6.329999999999999e-64,65.493,142,189.0,79.58,100
b3984,MBLCLPDI_00337,2.96e-77,50.909,220,229.0,71.36,94,4e-69,50.673,223,209.0,70.85,97
b3985,MBLCLPDI_00342,6.579999999999999e-33,37.342,158,111.0,61.39,96,1.49e-32,37.342,158,111.0,61.39,95
b3987,MBLCLPDI_01644,0.0,46.548,956,789.0,64.33,92,0.0,46.548,956,789.0,64.33,94
b3988,MBLCLPDI_01643,0.0,51.193999999999996,1047,1047.0,67.91,88,0.0,51.193999999999996,1047,1065.0,67.91,97
b3992,MBLCLPDI_01104,2.2e-33,32.083,240,119.0,51.25,94,2.09e-29,32.083,240,110.0,51.25,70
b4005,MBLCLPDI_00151,6.9399999999999994e-99,41.882,425,298.0,57.88,99,1.5199999999999995e-98,41.882,425,298.0,57.88,98
b4006,MBLCLPDI_00150,6.309999999999999e-171,46.641999999999996,536,489.0,65.86,99,1.4999999999999997e-169,46.641999999999996,536,486.0,65.86,100
b4013,MBLCLPDI_01947,2.08e-39,32.171,258,135.0,50.39,83,4.16e-39,32.171,258,135.0,50.39,93
b4031,MBLCLPDI_00529,1.6299999999999998e-69,32.444,487,225.0,51.75,97,3.52e-69,32.444,487,225.0,51.75,96
b4043,MBLCLPDI_00762,1.09e-27,30.732,205,100.0,48.78,95,2.5200000000000003e-27,30.732,205,100.0,48.78,95
b4051,MBLCLPDI_01826,1.55e-25,29.616999999999997,287,100.0,45.64,85,3.4999999999999997e-25,29.616999999999997,287,100.0,45.64,85
b4052,MBLCLPDI_00012,1.1599999999999996e-118,41.871,449,352.0,62.36,92,2.5599999999999995e-118,41.871,449,352.0,62.36,96
b4058,MBLCLPDI_00415,0.0,57.766000000000005,940,1112.0,76.06,99,0.0,57.766000000000005,940,1111.0,76.06,98
b4065,MBLCLPDI_01821,6.1e-46,32.759,464,167.0,50.65,83,1.47e-45,32.759,464,167.0,50.65,67
b4077,MBLCLPDI_01927,4.239999999999999e-149,50.70399999999999,426,427.0,72.3,97,9.549999999999998e-149,50.70399999999999,426,427.0,72.3,96
b4120,MBLCLPDI_01924,3.41e-33,25.373,402,129.0,49.0,81,3.03e-40,22.938000000000002,497,150.0,46.28,75
b4129,MBLCLPDI_00289,1.9099999999999995e-174,50.713,491,497.0,68.23,97,2.0699999999999993e-174,50.713,491,498.0,68.23,96
b4143,MBLCLPDI_00385,0.0,58.303000000000004,542,598.0,75.09,99,0.0,58.63399999999999,527,603.0,75.71,97
b4147,MBLCLPDI_01738,1.06e-35,34.637,179,119.0,56.42,95,2.34e-35,34.637,179,119.0,56.42,97
b4156,MBLCLPDI_01532,3.3099999999999994e-147,43.967,489,427.0,66.87,97,1.9799999999999997e-151,43.967,489,439.0,66.87,97
b4161,MBLCLPDI_01300,1.07e-36,35.683,227,130.0,51.98,64,2.0299999999999997e-36,35.683,227,130.0,51.98,76
b4167,MBLCLPDI_01429,3.29e-26,31.373,255,104.0,47.84,48,4.11e-26,31.373,255,104.0,47.84,88
b4170,MBLCLPDI_00576,2.4799999999999996e-67,33.164,591,228.0,47.21,89,6.059999999999999e-67,33.164,591,228.0,47.21,87
b4171,MBLCLPDI_01338,2.54e-53,35.034,294,173.0,55.44,91,5.539999999999999e-53,35.034,294,173.0,55.44,93
b4173,MBLCLPDI_01784,5.719999999999999e-76,37.302,378,239.0,57.14,86,1.28e-75,37.302,378,239.0,57.14,88
b4177,MBLCLPDI_00074,4.1999999999999983e-134,45.455,429,389.0,66.2,99,1.5999999999999996e-140,45.455,429,406.0,66.2,99
b4179,MBLCLPDI_00435,6.579999999999998e-146,35.635,724,445.0,56.91,88,2.4099999999999998e-145,35.635,724,444.0,56.91,89
b4180,MBLCLPDI_00332,3.74e-51,37.295,244,163.0,59.02,99,8.63e-51,37.295,244,163.0,59.02,96
b4208,MBLCLPDI_00106,3.4499999999999994e-138,45.657,449,401.0,67.26,96,8.339999999999997e-144,45.657,449,416.0,67.26,99
b4219,MBLCLPDI_01332,1.1699999999999999e-39,42.483999999999995,153,130.0,56.21,72,1.51e-39,42.483999999999995,153,130.0,56.21,86
b4237,MBLCLPDI_01453,1.45e-41,44.966,149,133.0,68.46,94,4.0799999999999995e-41,44.966,149,133.0,68.46,76
b4238,MBLCLPDI_01454,0.0,50.07,713,714.0,66.76,99,0.0,50.07,713,714.0,66.76,94
b4239,MBLCLPDI_00088,0.0,47.756,557,531.0,65.35,98,0.0,47.756,557,531.0,65.35,98
b4242,MBLCLPDI_01805,6.08e-68,25.763,885,239.0,45.99,91,1.2499999999999997e-68,26.263,891,242.0,46.24,95
b4245,MBLCLPDI_00129,2.1399999999999999e-41,32.476,311,142.0,51.13,96,1.84e-42,32.476,311,145.0,51.13,96
b4258,MBLCLPDI_00554,0.0,42.505,934,773.0,62.21,98,0.0,42.255,949,761.0,61.85,99
b4295,MBLCLPDI_00121,3.26e-38,29.221,308,134.0,50.32,93,6.939999999999999e-38,29.221,308,134.0,50.32,96
b4304,MBLCLPDI_01827,2.9100000000000005e-25,24.654,361,103.0,47.65,79,3.79e-30,25.389,386,119.0,48.7,82
b4349,MBLCLPDI_01587,4.12e-34,28.099,363,131.0,50.14,67,9.06e-34,28.099,363,131.0,50.14,65
b4375,MBLCLPDI_01501,3.439999999999999e-167,47.25899999999999,529,480.0,65.41,99,7.689999999999999e-167,47.25899999999999,529,480.0,65.41,99
b4382,MBLCLPDI_00119,5.979999999999998e-117,43.578,436,345.0,63.53,99,7.599999999999999e-115,45.588,408,340.0,64.71,92
b4383,MBLCLPDI_00118,4.659999999999999e-99,41.31,397,297.0,60.2,97,1.0199999999999998e-98,41.31,397,297.0,60.2,95
b4384,MBLCLPDI_00120,1.0499999999999998e-86,53.617,235,253.0,71.91,98,2.3299999999999997e-86,53.617,235,253.0,71.91,99
b4386,MBLCLPDI_01833,1.9799999999999997e-52,32.934,334,172.0,51.8,92,4.45e-52,32.934,334,172.0,51.8,94
b4389,MBLCLPDI_00328,3.3099999999999995e-135,45.316,459,393.0,63.62,99,7.409999999999998e-135,45.316,459,393.0,63.62,99
b4391,MBLCLPDI_00856,3.5099999999999996e-105,35.028,531,325.0,56.69,94,9.049999999999999e-105,35.028,531,325.0,56.69,85
b4473,MBLCLPDI_00866,2.06e-43,40.976000000000006,205,148.0,59.02,55,3.6099999999999996e-43,40.976000000000006,205,148.0,59.02,70
