qseqid,sseqid,evalue,pident,length,bitscore,ppos
LLMG_RS00005,MBLCLPDI_00001,4.279999999999999e-140,48.343999999999994,453,405.0,64.02
LLMG_RS00010,MBLCLPDI_00002,1.0599999999999998e-96,41.927,384,289.0,64.06
LLMG_RS00020,MBLCLPDI_00055,4.36e-36,38.424,203,144.0,64.04
LLMG_RS00035,MBLCLPDI_00115,2.0799999999999995e-172,65.229,371,481.0,83.02
LLMG_RS00055,MBLCLPDI_00279,9.279999999999999e-56,48.925,186,171.0,70.43
LLMG_RS00060,MBLCLPDI_00280,0.0,46.272,1167,1061.0,67.01
LLMG_RS00065,MBLCLPDI_00281,1.0299999999999999e-30,60.976000000000006,82,100.0,78.05
LLMG_RS00085,MBLCLPDI_00284,1.9500000000000001e-47,28.673000000000002,422,165.0,49.29
LLMG_RS00090,MBLCLPDI_00285,2.689999999999999e-65,53.371,178,194.0,74.72
LLMG_RS00095,MBLCLPDI_00286,0.0,59.309,666,701.0,75.38
LLMG_RS00315,MBLCLPDI_00253,1.86e-40,34.632,231,137.0,54.11
LLMG_RS00370,MBLCLPDI_00832,3.89e-124,48.052,385,360.0,68.05
LLMG_RS00375,MBLCLPDI_00827,2.9400000000000004e-55,34.855,241,174.0,58.92
LLMG_RS00390,MBLCLPDI_00716,5.009999999999998e-164,50.104,479,468.0,68.68
LLMG_RS00395,MBLCLPDI_00715,9.229999999999998e-119,45.111000000000004,450,353.0,59.56
LLMG_RS00400,MBLCLPDI_00714,3.389999999999999e-136,59.385,325,385.0,76.31
LLMG_RS00405,MBLCLPDI_00713,3.019999999999999e-121,50.575,348,351.0,70.11
LLMG_RS00410,MBLCLPDI_01833,1.6699999999999997e-76,36.31,336,234.0,58.63
LLMG_RS00420,MBLCLPDI_01022,5.129999999999999e-42,38.86,193,137.0,59.59
LLMG_RS00430,MBLCLPDI_00221,2.379999999999999e-180,70.118,338,499.0,84.91
LLMG_RS00440,MBLCLPDI_01841,1.34e-88,36.771,446,273.0,59.42
LLMG_RS00450,MBLCLPDI_01293,7.139999999999999e-103,48.071000000000005,337,302.0,65.58
LLMG_RS00455,MBLCLPDI_00595,1.32e-32,28.674,279,117.0,50.9
LLMG_RS00500,MBLCLPDI_00742,6.44e-28,33.696,184,104.0,53.26
LLMG_RS00540,MBLCLPDI_00195,0.0,52.166000000000004,577,609.0,73.31
LLMG_RS00550,MBLCLPDI_00113,1.1699999999999998e-66,42.748000000000005,262,205.0,64.12
LLMG_RS00555,MBLCLPDI_00538,2.549999999999999e-175,59.952,417,493.0,74.34
LLMG_RS00570,MBLCLPDI_01970,4.649999999999999e-128,39.189,518,379.0,61.0
LLMG_RS00590,MBLCLPDI_00806,4.159999999999999e-84,42.902,317,253.0,62.78
LLMG_RS00595,MBLCLPDI_00807,2.72e-52,41.41,227,166.0,59.03
LLMG_RS00605,MBLCLPDI_00809,0.0,52.419,744,805.0,70.97
LLMG_RS00615,MBLCLPDI_00810,1.26e-48,50.0,144,150.0,68.75
LLMG_RS00630,MBLCLPDI_00214,0.0,65.368,462,570.0,81.17
LLMG_RS00635,MBLCLPDI_00765,2.8999999999999997e-59,45.545,202,181.0,66.34
LLMG_RS00660,MBLCLPDI_00396,0.0,64.589,802,1061.0,79.8
LLMG_RS00670,MBLCLPDI_01476,1.22e-41,70.455,88,127.0,82.95
LLMG_RS00675,MBLCLPDI_01475,0.0,50.348,574,594.0,69.16
LLMG_RS00685,MBLCLPDI_00356,4.9199999999999995e-32,51.042,96,104.0,68.75
LLMG_RS00700,MBLCLPDI_01823,7.069999999999999e-70,42.188,256,215.0,62.5
LLMG_RS00715,MBLCLPDI_00211,6.749999999999998e-89,39.34,394,270.0,62.44
LLMG_RS00720,MBLCLPDI_01526,1.1099999999999998e-110,53.115,305,320.0,71.48
LLMG_RS00750,MBLCLPDI_00819,0.0,64.031,392,520.0,80.1
LLMG_RS00755,MBLCLPDI_00820,0.0,62.363,457,613.0,79.43
LLMG_RS00760,MBLCLPDI_01206,1.8199999999999996e-114,44.386,383,336.0,64.23
LLMG_RS00770,MBLCLPDI_02108,1.2099999999999999e-30,49.523999999999994,105,102.0,69.52
LLMG_RS00775,MBLCLPDI_02107,3.839999999999999e-87,52.756,254,256.0,70.87
LLMG_RS00790,MBLCLPDI_00187,5.229999999999999e-113,49.842,317,325.0,67.19
LLMG_RS00805,MBLCLPDI_00584,8.27e-36,61.176,85,112.0,82.35
LLMG_RS00810,MBLCLPDI_00585,5.27e-43,51.449,138,135.0,69.57
LLMG_RS00855,MBLCLPDI_01558,1.5399999999999999e-53,36.449,214,167.0,60.75
LLMG_RS00880,MBLCLPDI_00579,7.22e-46,30.205,341,157.0,48.09
LLMG_RS00935,MBLCLPDI_01593,0.0,59.388000000000005,490,573.0,77.96
LLMG_RS00940,MBLCLPDI_01592,0.0,59.071999999999996,474,573.0,73.63
LLMG_RS00945,MBLCLPDI_00951,7.61e-68,35.867,513,225.0,53.41
LLMG_RS00955,MBLCLPDI_01662,2.01e-31,73.846,65,100.0,80.0
LLMG_RS00965,MBLCLPDI_01343,1.6200000000000002e-28,35.359,181,103.0,55.25
LLMG_RS01010,MBLCLPDI_00327,2.8899999999999996e-43,41.714,175,137.0,59.43
LLMG_RS01020,MBLCLPDI_00613,4.19e-28,49.398,83,102.0,69.88
LLMG_RS01035,MBLCLPDI_01211,4.299999999999999e-96,42.99100000000001,321,284.0,66.36
LLMG_RS01040,MBLCLPDI_01210,1.0299999999999997e-104,50.501999999999995,299,303.0,69.57
LLMG_RS01055,MBLCLPDI_00975,2.73e-157,39.046,671,466.0,59.61
LLMG_RS01065,MBLCLPDI_00204,3.329999999999999e-69,66.667,141,201.0,81.56
LLMG_RS01070,MBLCLPDI_01295,0.0,47.028,572,520.0,67.83
LLMG_RS01075,MBLCLPDI_01296,5.299999999999999e-40,49.167,120,125.0,75.83
LLMG_RS01105,MBLCLPDI_01181,2.0999999999999996e-156,76.389,288,437.0,87.5
LLMG_RS01110,MBLCLPDI_01180,1.2999999999999995e-114,58.065,279,328.0,73.12
LLMG_RS01175,MBLCLPDI_01519,1.05e-46,31.94,335,157.0,54.63
LLMG_RS01180,MBLCLPDI_01524,0.0,67.742,372,521.0,81.99
LLMG_RS01185,MBLCLPDI_01521,2.719999999999999e-134,42.736999999999995,475,392.0,63.79
LLMG_RS01210,MBLCLPDI_00122,1.4699999999999994e-150,76.619,278,431.0,85.61
LLMG_RS01215,MBLCLPDI_01372,1.5899999999999994e-166,60.0,385,467.0,71.43
LLMG_RS01225,MBLCLPDI_01784,1.0699999999999999e-85,40.897,379,264.0,61.48
LLMG_RS01245,MBLCLPDI_01369,3.8e-54,44.865,185,167.0,66.49
LLMG_RS01260,MBLCLPDI_01367,1.5499999999999997e-72,43.033,244,218.0,63.52
LLMG_RS01265,MBLCLPDI_01366,3.13e-50,31.738000000000003,397,169.0,50.13
LLMG_RS01270,MBLCLPDI_00602,2.64e-43,38.528,231,142.0,58.44
LLMG_RS01280,MBLCLPDI_00438,1.4099999999999997e-61,46.29600000000001,216,188.0,62.5
LLMG_RS01305,MBLCLPDI_01683,2.67e-85,33.406,461,268.0,59.0
LLMG_RS01325,MBLCLPDI_00427,3.689999999999998e-167,59.801,403,470.0,77.92
LLMG_RS01400,MBLCLPDI_01429,3.4599999999999994e-85,48.188,276,253.0,68.12
LLMG_RS01410,MBLCLPDI_01847,0.0,51.473,577,606.0,71.4
LLMG_RS01415,MBLCLPDI_01846,0.0,54.677,620,688.0,72.26
LLMG_RS01430,MBLCLPDI_01744,4.8199999999999995e-77,65.82300000000001,158,222.0,79.75
LLMG_RS01440,MBLCLPDI_00069,9.51e-90,49.823,283,265.0,64.66
LLMG_RS01460,MBLCLPDI_01426,2.02e-29,39.751999999999995,161,113.0,54.66
LLMG_RS01465,MBLCLPDI_01454,0.0,64.286,714,958.0,76.75
LLMG_RS01470,MBLCLPDI_01453,1.2099999999999997e-95,69.78,182,272.0,84.62
LLMG_RS01500,MBLCLPDI_01607,2.2199999999999998e-88,46.691,272,260.0,68.38
LLMG_RS01505,MBLCLPDI_01606,3.6999999999999996e-78,43.657,268,235.0,66.04
LLMG_RS01510,MBLCLPDI_01605,6.0199999999999985e-77,45.349,258,230.0,71.71
LLMG_RS01520,MBLCLPDI_00695,9.67e-94,59.684,253,271.0,71.15
LLMG_RS01525,MBLCLPDI_00696,4.589999999999999e-138,51.604,374,394.0,67.65
LLMG_RS01550,MBLCLPDI_00550,6.919999999999998e-103,68.657,201,291.0,82.09
LLMG_RS01555,MBLCLPDI_00312,0.0,53.361000000000004,714,737.0,72.97
LLMG_RS01560,MBLCLPDI_00313,3.44e-39,43.623999999999995,149,125.0,59.73
LLMG_RS01580,MBLCLPDI_01673,0.0,59.785,557,683.0,76.12
LLMG_RS01590,MBLCLPDI_00371,2.5099999999999995e-44,38.554,249,145.0,54.22
LLMG_RS01605,MBLCLPDI_00373,4.039999999999999e-151,60.534,337,425.0,77.15
LLMG_RS01650,MBLCLPDI_02048,0.0,50.239,838,849.0,68.26
LLMG_RS01665,MBLCLPDI_00180,7.43e-27,31.818,198,103.0,55.56
LLMG_RS01685,MBLCLPDI_00250,1.1999999999999998e-154,56.563,419,440.0,70.41
LLMG_RS01720,MBLCLPDI_01844,2.85e-45,48.387,155,142.0,67.74
LLMG_RS01735,MBLCLPDI_00209,5.2699999999999984e-114,57.5,280,326.0,72.86
LLMG_RS01755,MBLCLPDI_00208,2.0599999999999997e-119,51.288999999999994,349,346.0,71.06
LLMG_RS01760,MBLCLPDI_00207,7.799999999999998e-95,68.018,222,273.0,83.33
LLMG_RS01810,MBLCLPDI_01828,1.47e-52,32.095,377,176.0,53.32
LLMG_RS01815,MBLCLPDI_01029,7.399999999999999e-84,47.308,260,249.0,70.38
LLMG_RS01830,MBLCLPDI_00152,3.069999999999999e-105,64.414,222,300.0,77.03
LLMG_RS01835,MBLCLPDI_01199,3.1899999999999995e-74,55.08,187,218.0,70.05
LLMG_RS01845,MBLCLPDI_01346,1.5499999999999993e-123,35.201,696,380.0,55.6
LLMG_RS01850,MBLCLPDI_00357,2.4999999999999993e-104,70.051,197,295.0,85.28
LLMG_RS01855,MBLCLPDI_00526,3.049999999999999e-72,37.921,356,225.0,59.27
LLMG_RS01860,MBLCLPDI_00261,1.29e-125,46.725,458,368.0,63.54
LLMG_RS01895,MBLCLPDI_01501,0.0,69.186,516,750.0,82.75
LLMG_RS01900,MBLCLPDI_00262,0.0,55.781000000000006,493,551.0,73.02
LLMG_RS01905,MBLCLPDI_00826,8.509999999999997e-128,60.927,302,362.0,75.83
LLMG_RS01915,MBLCLPDI_01381,1.5699999999999997e-85,47.426,272,253.0,63.24
LLMG_RS01920,MBLCLPDI_00573,1.4299999999999996e-168,65.616,349,472.0,83.09
LLMG_RS01925,MBLCLPDI_00106,1.6899999999999996e-114,41.833999999999996,447,340.0,62.19
LLMG_RS01960,MBLCLPDI_00648,9.599999999999997e-83,58.586000000000006,198,241.0,75.76
LLMG_RS01965,MBLCLPDI_00649,2.2899999999999994e-75,43.70399999999999,270,227.0,65.19
LLMG_RS01970,MBLCLPDI_00650,3.2199999999999996e-73,39.928000000000004,278,223.0,61.87
LLMG_RS01985,MBLCLPDI_00097,3.28e-54,51.136,176,177.0,67.05
LLMG_RS01990,MBLCLPDI_00098,2.2599999999999997e-97,47.351000000000006,302,286.0,66.56
LLMG_RS01995,MBLCLPDI_00289,0.0,64.066,487,646.0,79.06
LLMG_RS02025,MBLCLPDI_00553,5.859999999999999e-159,56.683,404,450.0,72.52
LLMG_RS02045,MBLCLPDI_01821,3.1099999999999997e-37,28.947,380,143.0,50.0
LLMG_RS02055,MBLCLPDI_00154,2.7199999999999995e-122,45.215,418,357.0,64.11
LLMG_RS02075,MBLCLPDI_01387,5.2e-33,56.667,90,107.0,70.0
LLMG_RS02080,MBLCLPDI_01352,1.2e-26,51.111000000000004,90,102.0,68.89
LLMG_RS02085,MBLCLPDI_00072,6.559999999999998e-102,35.202,446,307.0,56.5
LLMG_RS02095,MBLCLPDI_00384,1.57e-33,56.383,94,107.0,77.66
LLMG_RS02100,MBLCLPDI_00385,0.0,71.033,542,753.0,85.06
LLMG_RS02105,MBLCLPDI_00025,3.759999999999999e-113,56.553999999999995,267,323.0,74.16
LLMG_RS02115,MBLCLPDI_00022,6.929999999999998e-115,46.403999999999996,431,347.0,64.73
LLMG_RS02120,MBLCLPDI_00021,1.2499999999999998e-117,69.39699999999999,232,331.0,82.76
LLMG_RS02125,MBLCLPDI_00359,2.2199999999999995e-75,50.235,213,222.0,72.3
LLMG_RS02130,MBLCLPDI_00361,3.41e-41,30.469,256,141.0,55.47
LLMG_RS02145,MBLCLPDI_00363,2.7699999999999995e-99,52.708,277,289.0,71.48
LLMG_RS02170,MBLCLPDI_01002,1.8999999999999996e-77,42.483999999999995,306,235.0,63.73
LLMG_RS02175,MBLCLPDI_01001,3.09e-61,41.667,300,194.0,60.33
LLMG_RS02185,MBLCLPDI_00999,7.599999999999998e-93,44.315,343,277.0,63.56
LLMG_RS02210,MBLCLPDI_00582,1.2599999999999995e-172,54.73,444,488.0,74.55
LLMG_RS02260,MBLCLPDI_01596,0.0,52.907,688,681.0,66.42
LLMG_RS02265,MBLCLPDI_01591,1.5799999999999997e-117,54.516000000000005,310,339.0,71.61
LLMG_RS02280,MBLCLPDI_00448,1.3599999999999997e-75,47.619,252,228.0,70.63
LLMG_RS02290,MBLCLPDI_00450,0.0,60.532,451,548.0,76.72
LLMG_RS02315,MBLCLPDI_00060,8.54e-51,44.211000000000006,190,160.0,64.74
LLMG_RS02320,MBLCLPDI_01708,5.68e-32,31.982,222,114.0,50.0
LLMG_RS02330,MBLCLPDI_00440,2.81e-37,42.958,142,120.0,68.31
LLMG_RS02340,MBLCLPDI_01183,4.26e-36,33.562,292,132.0,53.42
LLMG_RS02350,MBLCLPDI_01604,8.649999999999999e-72,46.428999999999995,252,216.0,62.7
LLMG_RS02365,MBLCLPDI_01760,5.739999999999999e-63,54.601000000000006,163,188.0,74.85
LLMG_RS02375,MBLCLPDI_00248,0.0,65.789,532,756.0,81.2
LLMG_RS02420,MBLCLPDI_00210,2.2499999999999994e-95,47.826,299,280.0,68.56
LLMG_RS02445,MBLCLPDI_01655,2.5499999999999997e-93,61.905,210,268.0,78.1
LLMG_RS02460,MBLCLPDI_00838,0.0,34.863,1133,618.0,53.75
LLMG_RS02500,MBLCLPDI_00859,6.739999999999999e-62,49.537,216,188.0,71.3
LLMG_RS02505,MBLCLPDI_00860,4.519999999999999e-61,36.232,276,191.0,62.32
LLMG_RS02510,MBLCLPDI_00861,8.23e-51,32.653,294,165.0,51.36
LLMG_RS02525,MBLCLPDI_00853,9.12e-39,68.132,91,120.0,78.02
LLMG_RS02535,MBLCLPDI_01557,1.8599999999999997e-30,35.329,167,104.0,58.08
LLMG_RS02550,MBLCLPDI_01482,1.32e-26,33.171,205,101.0,52.68
LLMG_RS02570,MBLCLPDI_00552,3.0699999999999987e-140,53.684,380,400.0,67.63
LLMG_RS02585,MBLCLPDI_01948,3.419999999999999e-135,65.472,307,382.0,79.15
LLMG_RS02600,MBLCLPDI_01007,1.8799999999999997e-141,39.782,641,427.0,58.66
LLMG_RS02605,MBLCLPDI_01008,4.37e-65,56.725,171,196.0,71.35
LLMG_RS02610,MBLCLPDI_01009,3.779999999999999e-37,39.665,179,123.0,60.34
LLMG_RS02615,MBLCLPDI_00643,4.1699999999999996e-54,57.258,124,162.0,78.23
LLMG_RS02620,MBLCLPDI_00717,1.8999999999999998e-30,53.488,86,100.0,74.42
LLMG_RS02625,MBLCLPDI_00718,6.7e-46,34.818000000000005,247,150.0,54.25
LLMG_RS02630,MBLCLPDI_00519,0.0,58.629,423,515.0,76.12
LLMG_RS02640,MBLCLPDI_00734,3.5499999999999987e-168,55.972,427,475.0,73.77
LLMG_RS02735,MBLCLPDI_00830,2.0699999999999995e-110,32.576,660,341.0,53.03
LLMG_RS02740,MBLCLPDI_00831,7.319999999999997e-167,64.343,373,470.0,78.28
LLMG_RS02775,MBLCLPDI_01478,0.0,63.747,742,942.0,78.71
LLMG_RS02790,MBLCLPDI_00712,1.02e-59,47.692,195,182.0,66.15
LLMG_RS02800,MBLCLPDI_00414,0.0,69.297,697,999.0,82.21
LLMG_RS02815,MBLCLPDI_01089,1.1999999999999998e-53,57.971000000000004,138,162.0,68.12
LLMG_RS02820,MBLCLPDI_01077,6.699999999999999e-114,62.8,250,323.0,77.6
LLMG_RS02825,MBLCLPDI_01358,6.259999999999999e-66,35.938,320,206.0,58.13
LLMG_RS02840,MBLCLPDI_01306,4.469999999999999e-34,43.902,164,120.0,60.37
LLMG_RS02890,MBLCLPDI_00500,7.569999999999997e-104,70.37,189,293.0,84.66
LLMG_RS02900,MBLCLPDI_00501,5.7199999999999996e-173,62.254,355,481.0,83.38
LLMG_RS02910,MBLCLPDI_01718,7.009999999999999e-46,33.871,248,150.0,54.44
LLMG_RS02915,MBLCLPDI_00502,7.349999999999999e-61,40.079,252,190.0,60.32
LLMG_RS02925,MBLCLPDI_00503,2.6100000000000003e-41,41.753,194,142.0,62.89
LLMG_RS02930,MBLCLPDI_00504,0.0,67.494,403,560.0,79.9
LLMG_RS02960,MBLCLPDI_01356,2.3500000000000002e-60,40.154,259,187.0,62.16
LLMG_RS02985,MBLCLPDI_01536,5.7e-47,51.656000000000006,151,145.0,68.87
LLMG_RS03000,MBLCLPDI_01535,2.88e-99,52.632,285,288.0,65.26
LLMG_RS03005,MBLCLPDI_01531,3.8099999999999996e-38,28.409000000000002,264,132.0,56.82
LLMG_RS03025,MBLCLPDI_00400,2.4199999999999996e-102,48.038999999999994,306,299.0,69.28
LLMG_RS03030,MBLCLPDI_00401,7.329999999999999e-94,51.562,256,273.0,70.31
LLMG_RS03045,MBLCLPDI_01922,0.0,67.23,473,662.0,81.61
LLMG_RS03065,MBLCLPDI_01338,5.019999999999998e-88,46.885,305,261.0,65.25
LLMG_RS03145,MBLCLPDI_00741,1.1599999999999996e-116,53.974,302,335.0,70.2
LLMG_RS03155,MBLCLPDI_00743,1.71e-39,47.727,132,139.0,67.42
LLMG_RS03165,MBLCLPDI_00247,6.7999999999999995e-37,51.724,116,122.0,72.41
LLMG_RS03175,MBLCLPDI_01349,7.969999999999999e-63,61.29,155,186.0,80.65
LLMG_RS03200,MBLCLPDI_01647,3.5e-41,45.946000000000005,148,131.0,66.89
LLMG_RS03205,MBLCLPDI_01646,0.0,52.211000000000006,814,850.0,73.22
LLMG_RS03210,MBLCLPDI_00395,8.2e-77,62.567,187,224.0,74.87
LLMG_RS03215,MBLCLPDI_00429,0.0,70.208,433,612.0,83.83
LLMG_RS03290,MBLCLPDI_01380,6.759999999999998e-41,36.842,209,134.0,56.94
LLMG_RS03305,MBLCLPDI_00720,2.1199999999999994e-76,36.634,404,239.0,55.94
LLMG_RS03330,MBLCLPDI_00422,1.2599999999999996e-100,70.10300000000001,194,285.0,86.08
LLMG_RS03390,MBLCLPDI_01967,1.1599999999999997e-114,42.058,447,340.0,63.76
LLMG_RS03435,MBLCLPDI_00954,1.45e-60,30.346999999999998,547,204.0,48.26
LLMG_RS03475,MBLCLPDI_01762,0.0,69.85300000000001,408,576.0,82.6
LLMG_RS03575,MBLCLPDI_01579,1.8199999999999995e-124,49.242,396,370.0,67.42
LLMG_RS03585,MBLCLPDI_01576,4.45e-30,35.0,180,105.0,57.78
LLMG_RS03620,MBLCLPDI_01953,0.0,45.946000000000005,629,550.0,63.59
LLMG_RS03735,MBLCLPDI_00103,0.0,60.427,422,549.0,79.38
LLMG_RS03780,MBLCLPDI_00850,4.389999999999999e-62,50.678999999999995,221,189.0,65.16
LLMG_RS03825,MBLCLPDI_01769,0.0,56.122,588,677.0,69.56
LLMG_RS03830,MBLCLPDI_00088,0.0,50.766000000000005,522,517.0,66.09
LLMG_RS03835,MBLCLPDI_00461,1.7699999999999998e-47,41.753,194,150.0,58.76
LLMG_RS03850,MBLCLPDI_00059,0.0,51.93600000000001,749,800.0,69.03
LLMG_RS03855,MBLCLPDI_00056,6.55e-39,28.479,309,135.0,51.78
LLMG_RS03865,MBLCLPDI_01362,1.99e-41,37.19,242,150.0,61.16
LLMG_RS03870,MBLCLPDI_01045,0.0,55.806000000000004,577,662.0,73.66
LLMG_RS03890,MBLCLPDI_01207,1.0599999999999998e-59,40.435,230,184.0,59.57
LLMG_RS03915,MBLCLPDI_00432,2.6399999999999997e-90,37.247,494,282.0,56.28
LLMG_RS03935,MBLCLPDI_01542,2.5999999999999995e-71,39.941,338,221.0,58.58
LLMG_RS03940,MBLCLPDI_01350,1.8299999999999997e-85,62.068999999999996,203,248.0,81.77
LLMG_RS03945,MBLCLPDI_00439,1.5599999999999996e-143,60.55,327,404.0,76.76
LLMG_RS03960,MBLCLPDI_00663,0.0,46.598,779,618.0,64.18
LLMG_RS03985,MBLCLPDI_01012,6.439999999999998e-140,50.919,381,400.0,72.18
LLMG_RS03995,MBLCLPDI_00599,3.0799999999999993e-125,47.81399999999999,366,361.0,68.58
LLMG_RS04000,MBLCLPDI_00600,1.3799999999999996e-119,49.851000000000006,335,344.0,73.73
LLMG_RS04005,MBLCLPDI_01813,7.759999999999999e-84,42.153999999999996,325,252.0,62.77
LLMG_RS04015,MBLCLPDI_00588,0.0,43.687,792,620.0,63.01
LLMG_RS04020,MBLCLPDI_00589,1.1499999999999999e-38,54.369,103,121.0,76.7
LLMG_RS04040,MBLCLPDI_00142,0.0,70.327,428,635.0,81.54
LLMG_RS04050,MBLCLPDI_00445,1.6e-48,37.294000000000004,303,160.0,53.14
LLMG_RS04055,MBLCLPDI_00446,2.44e-42,51.515,132,132.0,68.94
LLMG_RS04075,MBLCLPDI_01280,5.489999999999999e-42,30.534000000000002,393,147.0,48.35
LLMG_RS04455,MBLCLPDI_00700,1.5399999999999997e-154,59.428999999999995,350,434.0,77.71
LLMG_RS04470,MBLCLPDI_00697,1.9099999999999998e-87,42.5,280,260.0,66.07
LLMG_RS04475,MBLCLPDI_02090,1.5299999999999999e-52,41.70399999999999,223,165.0,63.23
LLMG_RS04480,MBLCLPDI_00731,0.0,51.232,568,595.0,70.25
LLMG_RS04490,MBLCLPDI_01287,0.0,60.879,455,563.0,77.36
LLMG_RS04525,MBLCLPDI_00376,1.4599999999999996e-98,54.086000000000006,257,285.0,71.98
LLMG_RS04530,MBLCLPDI_00375,1.1299999999999998e-156,53.545,409,444.0,72.37
LLMG_RS04535,MBLCLPDI_01664,5.62e-39,35.193000000000005,233,135.0,57.08
LLMG_RS04550,MBLCLPDI_00076,6.239999999999999e-71,57.542,179,208.0,74.3
LLMG_RS04555,MBLCLPDI_00509,4.799999999999998e-169,58.178000000000004,428,477.0,76.4
LLMG_RS04560,MBLCLPDI_00129,6.349999999999998e-119,56.271,295,340.0,71.86
LLMG_RS04565,MBLCLPDI_00091,3.609999999999999e-152,54.494,356,429.0,73.03
LLMG_RS04625,MBLCLPDI_00251,2.82e-42,72.152,79,128.0,84.81
LLMG_RS04635,MBLCLPDI_01363,1.9999999999999994e-103,65.333,225,295.0,82.22
LLMG_RS04645,MBLCLPDI_01562,4.269999999999998e-96,45.345,333,289.0,68.77
LLMG_RS04655,MBLCLPDI_00671,8.969999999999998e-130,48.238,454,379.0,66.52
LLMG_RS04660,MBLCLPDI_00672,1.3299999999999997e-126,48.485,363,364.0,70.8
LLMG_RS04670,MBLCLPDI_00740,4.6299999999999976e-179,59.817,438,503.0,76.94
LLMG_RS04735,MBLCLPDI_01155,1.6699999999999996e-89,51.708999999999996,234,260.0,71.79
LLMG_RS04740,MBLCLPDI_00761,8.309999999999998e-119,49.223,386,346.0,66.32
LLMG_RS04745,MBLCLPDI_00057,1.9299999999999998e-114,46.153999999999996,390,335.0,65.64
LLMG_RS04750,MBLCLPDI_00223,4.989999999999999e-118,43.51,416,346.0,65.14
LLMG_RS04755,MBLCLPDI_01286,1.53e-47,72.222,90,142.0,83.33
LLMG_RS04765,MBLCLPDI_01712,1.7499999999999998e-84,42.071000000000005,309,253.0,62.14
LLMG_RS04775,MBLCLPDI_01284,2.28e-50,49.405,168,155.0,70.83
LLMG_RS04780,MBLCLPDI_01283,3.3499999999999994e-113,63.333,240,321.0,79.58
LLMG_RS04790,MBLCLPDI_01020,1.4999999999999999e-44,33.808,281,149.0,55.16
LLMG_RS04795,MBLCLPDI_00698,2.8399999999999995e-90,50.388000000000005,258,264.0,69.77
LLMG_RS04805,MBLCLPDI_00855,7.209999999999999e-113,45.05,404,332.0,62.87
LLMG_RS04810,MBLCLPDI_00646,1.0999999999999996e-172,54.214,439,489.0,69.48
LLMG_RS04820,MBLCLPDI_02000,1.54e-41,29.745,353,145.0,48.44
LLMG_RS04830,MBLCLPDI_00856,0.0,47.567,637,598.0,67.66
LLMG_RS04855,MBLCLPDI_01969,4.3599999999999996e-58,39.919000000000004,248,181.0,58.06
LLMG_RS04865,MBLCLPDI_01747,7.839999999999998e-140,55.62,347,397.0,73.2
LLMG_RS04870,MBLCLPDI_02014,2.0199999999999998e-44,33.742,326,150.0,52.45
LLMG_RS04915,MBLCLPDI_00390,2.01e-31,45.455,132,105.0,62.88
LLMG_RS04920,MBLCLPDI_00306,5.03e-86,38.983000000000004,413,267.0,58.6
LLMG_RS04935,MBLCLPDI_02076,9.02e-56,70.58800000000001,102,164.0,87.25
LLMG_RS04940,MBLCLPDI_02087,1e-34,52.688,93,111.0,70.97
LLMG_RS04945,MBLCLPDI_01032,3.85e-43,60.185,108,134.0,74.07
LLMG_RS04950,MBLCLPDI_00143,1.3899999999999999e-85,55.843999999999994,231,250.0,68.4
LLMG_RS04960,MBLCLPDI_00145,6.919999999999998e-103,62.222,225,293.0,74.22
LLMG_RS04965,MBLCLPDI_00146,0.0,56.376000000000005,745,853.0,72.48
LLMG_RS04970,MBLCLPDI_00147,0.0,62.236000000000004,474,597.0,79.96
LLMG_RS05020,MBLCLPDI_00148,9.959999999999998e-123,53.93899999999999,330,353.0,71.82
LLMG_RS05025,MBLCLPDI_00149,2.03e-51,41.053000000000004,190,159.0,67.37
LLMG_RS05055,MBLCLPDI_00150,0.0,59.381,517,632.0,76.79
LLMG_RS05075,MBLCLPDI_00151,1.1699999999999995e-127,46.86,414,371.0,64.49
LLMG_RS05085,MBLCLPDI_00140,1.2299999999999998e-65,56.522,161,194.0,75.78
LLMG_RS05090,MBLCLPDI_00141,3.1799999999999993e-121,50.0,352,351.0,66.48
LLMG_RS05115,MBLCLPDI_01836,7.13e-44,35.915,284,147.0,52.46
LLMG_RS05120,MBLCLPDI_00995,8.340000000000001e-51,55.861999999999995,145,160.0,71.72
LLMG_RS05125,MBLCLPDI_01772,0.0,67.64699999999999,510,739.0,82.55
LLMG_RS05160,MBLCLPDI_01982,6.799999999999999e-62,26.976999999999997,430,204.0,53.26
LLMG_RS05165,MBLCLPDI_01986,8.139999999999999e-38,27.759,299,132.0,52.84
LLMG_RS05190,MBLCLPDI_00470,3.97e-49,35.789,285,161.0,57.54
LLMG_RS05205,MBLCLPDI_01666,3.2699999999999995e-83,55.605,223,243.0,74.44
LLMG_RS05210,MBLCLPDI_01665,2.039999999999999e-83,57.143,224,244.0,75.0
LLMG_RS05370,MBLCLPDI_01775,2.169999999999999e-111,51.306999999999995,306,321.0,70.26
LLMG_RS05380,MBLCLPDI_00119,5.8099999999999986e-139,48.14,430,401.0,67.67
LLMG_RS05390,MBLCLPDI_00117,2.6699999999999995e-82,57.477,214,241.0,73.36
LLMG_RS05405,MBLCLPDI_00309,7.14e-89,50.431000000000004,232,258.0,74.57
LLMG_RS05415,MBLCLPDI_00459,2.26e-29,36.111,216,117.0,57.41
LLMG_RS05425,MBLCLPDI_01288,1.6e-39,55.751999999999995,113,124.0,71.68
LLMG_RS05505,MBLCLPDI_01559,2.0099999999999997e-34,31.461,178,116.0,59.55
LLMG_RS05515,MBLCLPDI_01805,4.189999999999999e-139,32.318000000000005,919,432.0,52.56
LLMG_RS05520,MBLCLPDI_01968,3.779999999999999e-45,44.865,185,145.0,64.86
LLMG_RS05530,MBLCLPDI_00090,0.0,64.34,1060,1415.0,80.09
LLMG_RS05570,MBLCLPDI_01908,3.5499999999999995e-63,46.696000000000005,227,193.0,63.0
LLMG_RS05580,MBLCLPDI_01192,0.0,61.943000000000005,494,664.0,81.17
LLMG_RS05605,MBLCLPDI_00391,1.5499999999999998e-97,36.659,461,296.0,62.04
LLMG_RS05615,MBLCLPDI_00131,2.8499999999999994e-136,61.31100000000001,305,384.0,77.05
LLMG_RS05620,MBLCLPDI_00132,7.629999999999999e-75,47.881,236,223.0,65.25
LLMG_RS05630,MBLCLPDI_00110,2.6399999999999997e-86,55.602,241,252.0,68.46
LLMG_RS05650,MBLCLPDI_00403,4.1299999999999985e-153,68.64699999999999,303,427.0,81.52
LLMG_RS05655,MBLCLPDI_00402,3.9699999999999994e-133,55.06,336,379.0,72.92
LLMG_RS05685,MBLCLPDI_00839,9.959999999999997e-160,48.8,500,458.0,65.8
LLMG_RS05690,MBLCLPDI_00803,9.069999999999997e-134,60.703,313,379.0,74.44
LLMG_RS05715,MBLCLPDI_01019,7.879999999999998e-151,42.576,559,440.0,64.4
LLMG_RS05745,MBLCLPDI_02031,1.63e-43,30.063000000000002,316,147.0,47.47
LLMG_RS05750,MBLCLPDI_01161,9.089999999999998e-88,38.168,393,266.0,60.31
LLMG_RS05755,MBLCLPDI_01160,3.06e-36,44.18600000000001,172,144.0,73.26
LLMG_RS05845,MBLCLPDI_02096,5.709999999999999e-97,37.821,468,296.0,55.98
LLMG_RS05945,MBLCLPDI_01732,7.159999999999999e-34,34.830999999999996,178,114.0,58.43
LLMG_RS05950,MBLCLPDI_00864,1.2299999999999998e-99,48.754,281,290.0,68.68
LLMG_RS05955,MBLCLPDI_00865,6.379999999999999e-72,42.292,253,217.0,63.64
LLMG_RS05975,MBLCLPDI_00596,1.54e-38,32.422,256,132.0,53.52
LLMG_RS06000,MBLCLPDI_00694,4.3599999999999993e-38,27.296,392,139.0,45.66
LLMG_RS06010,MBLCLPDI_00591,1.0699999999999997e-61,39.925,268,192.0,57.46
LLMG_RS06015,MBLCLPDI_00592,2.2999999999999998e-55,45.918,196,171.0,64.29
LLMG_RS06020,MBLCLPDI_00593,1.7199999999999997e-31,35.758,165,107.0,53.94
LLMG_RS06035,MBLCLPDI_00843,4.8599999999999994e-39,36.975,238,132.0,59.66
LLMG_RS06040,MBLCLPDI_00844,1.94e-48,44.048,168,152.0,67.26
LLMG_RS06045,MBLCLPDI_00845,2.6799999999999997e-85,54.506,233,249.0,70.39
LLMG_RS06105,MBLCLPDI_00342,5.74e-54,53.012,166,165.0,68.07
LLMG_RS06110,MBLCLPDI_00343,1.76e-34,65.289,121,112.0,80.99
LLMG_RS06120,MBLCLPDI_01676,1.2499999999999998e-147,44.794,509,429.0,66.6
LLMG_RS06145,MBLCLPDI_01138,1.21e-41,33.778,225,139.0,59.11
LLMG_RS06150,MBLCLPDI_01139,2.71e-87,50.575,261,257.0,67.05
LLMG_RS06155,MBLCLPDI_01140,2.4900000000000004e-44,35.204,196,144.0,63.27
LLMG_RS06160,MBLCLPDI_00270,4.259999999999999e-133,42.43,502,391.0,61.35
LLMG_RS06165,MBLCLPDI_00269,2.8599999999999994e-126,49.618,393,367.0,66.41
LLMG_RS06175,MBLCLPDI_00267,1.5299999999999997e-73,33.413000000000004,416,233.0,51.68
LLMG_RS06185,MBLCLPDI_01663,3.91e-29,41.406000000000006,128,104.0,64.84
LLMG_RS06335,MBLCLPDI_02063,6.04e-107,53.846000000000004,273,308.0,75.09
LLMG_RS06440,MBLCLPDI_01091,3.729999999999999e-101,44.258,357,299.0,63.59
LLMG_RS06450,MBLCLPDI_00867,0.0,66.475,695,962.0,81.15
LLMG_RS06455,MBLCLPDI_00866,3.27e-63,48.585,212,197.0,66.04
LLMG_RS06465,MBLCLPDI_00139,2.8399999999999995e-49,35.021,237,157.0,60.34
LLMG_RS06630,MBLCLPDI_00138,0.0,53.405,558,571.0,70.25
LLMG_RS06635,MBLCLPDI_00854,4.3199999999999996e-51,32.446,413,173.0,51.09
LLMG_RS06655,MBLCLPDI_01589,4.869999999999999e-148,47.297,444,426.0,68.47
LLMG_RS06695,MBLCLPDI_01702,9.81e-37,28.570999999999998,399,134.0,49.87
LLMG_RS06715,MBLCLPDI_01799,8.289999999999998e-131,52.235,358,374.0,70.67
LLMG_RS06720,MBLCLPDI_01800,1.48e-113,61.265,253,323.0,80.24
LLMG_RS06725,MBLCLPDI_01801,1.0399999999999999e-129,66.538,260,364.0,83.85
LLMG_RS06730,MBLCLPDI_01802,6.789999999999998e-171,64.187,363,479.0,78.79
LLMG_RS06735,MBLCLPDI_00444,4.539999999999998e-109,54.608000000000004,293,315.0,67.92
LLMG_RS06760,MBLCLPDI_00560,9.499999999999999e-103,38.760999999999996,436,308.0,59.63
LLMG_RS06770,MBLCLPDI_01411,2.1999999999999998e-65,36.283,339,208.0,58.41
LLMG_RS06775,MBLCLPDI_01414,5.66e-63,50.0,182,195.0,69.78
LLMG_RS06785,MBLCLPDI_00736,2.7699999999999995e-84,58.201,189,244.0,78.31
LLMG_RS06790,MBLCLPDI_00735,0.0,65.926,405,559.0,83.46
LLMG_RS06805,MBLCLPDI_00662,1.1499999999999998e-78,63.69,168,227.0,75.6
LLMG_RS06815,MBLCLPDI_01988,1.9399999999999996e-142,49.065,428,410.0,71.03
LLMG_RS06820,MBLCLPDI_01599,3.8499999999999995e-66,50.532,188,197.0,73.94
LLMG_RS06945,MBLCLPDI_00266,1.8499999999999998e-41,44.67,197,152.0,61.42
LLMG_RS07130,MBLCLPDI_00073,8.659999999999997e-174,67.812,320,481.0,85.31
LLMG_RS07140,MBLCLPDI_00614,3.5299999999999994e-90,52.157,255,263.0,68.63
LLMG_RS07145,MBLCLPDI_00364,5.7e-32,30.364,247,114.0,52.23
LLMG_RS07150,MBLCLPDI_00726,5.059999999999999e-38,48.062,129,123.0,64.34
LLMG_RS07185,MBLCLPDI_00428,1.3e-93,52.227,247,271.0,67.61
LLMG_RS07215,MBLCLPDI_00787,1.2699999999999999e-65,38.621,290,204.0,59.31
LLMG_RS07220,MBLCLPDI_00786,1.48e-85,42.769,325,256.0,60.0
LLMG_RS07275,MBLCLPDI_01688,3.429999999999999e-160,50.776,451,459.0,69.84
LLMG_RS07295,MBLCLPDI_01597,0.0,53.203,765,775.0,70.72
LLMG_RS07315,MBLCLPDI_00254,3.91e-50,38.235,238,160.0,63.45
LLMG_RS07325,MBLCLPDI_00006,0.0,63.196000000000005,826,1061.0,80.75
LLMG_RS07335,MBLCLPDI_02047,2.2699999999999997e-64,47.867,211,194.0,66.82
LLMG_RS07385,MBLCLPDI_00793,0.0,71.664,607,926.0,85.5
LLMG_RS07395,MBLCLPDI_00499,0.0,54.688,448,518.0,72.54
LLMG_RS07400,MBLCLPDI_00498,5.129999999999999e-78,51.152,217,232.0,70.97
LLMG_RS07415,MBLCLPDI_00311,1.5099999999999994e-119,61.765,272,339.0,77.57
LLMG_RS07425,MBLCLPDI_00310,0.0,62.839,479,643.0,80.17
LLMG_RS07435,MBLCLPDI_01370,2.9999999999999994e-69,48.45399999999999,194,206.0,68.04
LLMG_RS07450,MBLCLPDI_00829,0.0,48.617,687,634.0,66.96
LLMG_RS07455,MBLCLPDI_00828,1.9699999999999993e-176,72.347,311,487.0,83.92
LLMG_RS07475,MBLCLPDI_00392,7.5099999999999975e-65,46.82899999999999,205,196.0,67.32
LLMG_RS07480,MBLCLPDI_00393,5.449999999999999e-89,39.205999999999996,403,273.0,55.58
LLMG_RS07485,MBLCLPDI_00394,1.2399999999999999e-48,39.732,224,155.0,57.14
LLMG_RS07495,MBLCLPDI_00825,4.23e-36,44.167,120,117.0,67.5
LLMG_RS07500,MBLCLPDI_00824,3.4599999999999995e-52,52.096000000000004,167,159.0,67.66
LLMG_RS07510,MBLCLPDI_00823,6.689999999999999e-129,57.742,310,367.0,76.45
LLMG_RS07515,MBLCLPDI_02023,0.0,69.941,509,710.0,83.89
LLMG_RS07520,MBLCLPDI_01322,6.09e-42,65.934,91,129.0,83.52
LLMG_RS07530,MBLCLPDI_01324,9.36e-49,70.297,101,146.0,84.16
LLMG_RS07535,MBLCLPDI_01642,6.039999999999999e-67,33.588,393,213.0,57.25
LLMG_RS07545,MBLCLPDI_00242,3.3799999999999985e-168,54.036,446,477.0,68.83
LLMG_RS07550,MBLCLPDI_00241,3.45e-74,45.387,271,224.0,63.1
LLMG_RS07560,MBLCLPDI_00835,6.549999999999999e-57,35.849000000000004,265,179.0,55.09
LLMG_RS07565,MBLCLPDI_00834,1.3399999999999999e-64,47.413999999999994,232,196.0,64.66
LLMG_RS07570,MBLCLPDI_00213,2.2699999999999994e-71,47.887,213,213.0,67.61
LLMG_RS07600,MBLCLPDI_00130,3.799999999999999e-95,39.529,425,288.0,57.65
LLMG_RS07605,MBLCLPDI_00133,2.3899999999999996e-78,51.208,207,230.0,71.98
LLMG_RS07610,MBLCLPDI_00381,0.0,51.482,641,672.0,72.54
LLMG_RS07620,MBLCLPDI_00382,2.5999999999999996e-67,49.756,205,202.0,65.85
LLMG_RS07625,MBLCLPDI_00561,5.99e-28,34.306999999999995,137,101.0,59.12
LLMG_RS07630,MBLCLPDI_00451,0.0,56.672,607,691.0,72.49
LLMG_RS07670,MBLCLPDI_01016,4.379999999999999e-122,61.324,287,348.0,74.56
LLMG_RS07675,MBLCLPDI_01015,1.6999999999999998e-44,48.611000000000004,144,139.0,74.31
LLMG_RS07695,MBLCLPDI_00967,9.3e-47,44.966,149,145.0,67.11
LLMG_RS07700,MBLCLPDI_00966,1.2899999999999997e-137,49.618,393,395.0,66.92
LLMG_RS07705,MBLCLPDI_00965,6.55e-50,41.623999999999995,197,157.0,62.44
LLMG_RS07710,MBLCLPDI_00964,1.9199999999999996e-67,35.965,342,213.0,56.73
LLMG_RS07720,MBLCLPDI_00871,0.0,57.29600000000001,747,874.0,76.57
LLMG_RS07725,MBLCLPDI_02039,1.48e-34,40.972,144,114.0,62.5
LLMG_RS07740,MBLCLPDI_00870,0.0,68.446,637,902.0,82.89
LLMG_RS07745,MBLCLPDI_00869,4.28e-54,46.445,211,168.0,65.88
LLMG_RS07760,MBLCLPDI_00352,0.0,64.763,718,985.0,79.39
LLMG_RS07765,MBLCLPDI_00351,5.3299999999999985e-164,69.206,315,456.0,80.63
LLMG_RS07775,MBLCLPDI_00038,4.4399999999999995e-55,42.918,233,172.0,61.37
LLMG_RS07780,MBLCLPDI_00397,1.5699999999999996e-139,58.589,326,396.0,73.62
LLMG_RS07815,MBLCLPDI_00419,1.5599999999999996e-79,42.443999999999996,311,240.0,64.31
LLMG_RS07820,MBLCLPDI_00418,3.3899999999999997e-112,51.724,319,325.0,72.73
LLMG_RS07825,MBLCLPDI_00417,5.289999999999998e-115,55.172,290,329.0,72.76
LLMG_RS07830,MBLCLPDI_01949,1.0199999999999997e-126,40.871,482,374.0,59.75
LLMG_RS07835,MBLCLPDI_01132,1.42e-34,39.474000000000004,152,117.0,64.47
LLMG_RS07850,MBLCLPDI_01578,1.9499999999999997e-57,48.387,186,187.0,71.51
LLMG_RS07920,MBLCLPDI_01717,0.0,63.851000000000006,592,783.0,77.2
LLMG_RS07930,MBLCLPDI_00791,0.0,75.044,573,869.0,87.43
LLMG_RS07935,MBLCLPDI_00790,1.6899999999999998e-44,48.701,154,142.0,70.13
LLMG_RS07940,MBLCLPDI_00789,3.8999999999999995e-57,30.058000000000003,346,185.0,52.6
LLMG_RS07965,MBLCLPDI_01027,0.0,70.47,447,620.0,79.87
LLMG_RS07990,MBLCLPDI_00435,0.0,47.245,726,678.0,67.63
LLMG_RS08000,MBLCLPDI_00407,2.5699999999999993e-119,53.641999999999996,302,342.0,72.52
LLMG_RS08010,MBLCLPDI_00322,3.0899999999999994e-79,50.847,236,235.0,69.49
LLMG_RS08030,MBLCLPDI_00137,0.0,61.011,554,687.0,78.16
LLMG_RS08050,MBLCLPDI_00120,2.0399999999999997e-86,52.79,233,252.0,69.96
LLMG_RS08060,MBLCLPDI_00118,6.6399999999999985e-140,53.18600000000001,408,401.0,70.59
LLMG_RS08215,MBLCLPDI_00005,0.0,65.639,649,833.0,80.28
LLMG_RS08235,MBLCLPDI_01568,6.42e-31,35.814,215,112.0,53.49
LLMG_RS08240,MBLCLPDI_01006,5.8e-51,34.236999999999995,295,166.0,56.27
LLMG_RS08250,MBLCLPDI_01690,0.0,58.813,539,673.0,76.25
LLMG_RS08255,MBLCLPDI_01706,1.4499999999999997e-43,41.753,194,149.0,57.73
LLMG_RS08260,MBLCLPDI_01601,1.1399999999999998e-138,73.622,254,386.0,85.04
LLMG_RS08270,MBLCLPDI_00523,2.5199999999999994e-122,49.486999999999995,390,357.0,65.38
LLMG_RS08285,MBLCLPDI_01692,1.0899999999999999e-72,55.897,195,214.0,72.31
LLMG_RS08295,MBLCLPDI_01111,6.599999999999999e-42,39.437,213,137.0,59.15
LLMG_RS08300,MBLCLPDI_01110,1.3e-25,30.732,205,101.0,52.68
LLMG_RS08340,MBLCLPDI_01331,6.17e-39,55.0,100,122.0,74.0
LLMG_RS08345,MBLCLPDI_01788,1.0599999999999998e-97,27.778000000000002,918,321.0,46.08
LLMG_RS08370,MBLCLPDI_01941,5.41e-27,25.738000000000003,237,100.0,51.48
LLMG_RS08385,MBLCLPDI_02055,0.0,59.42,414,517.0,76.57
LLMG_RS08405,MBLCLPDI_01281,1.46e-59,75.893,112,175.0,88.39
LLMG_RS08410,MBLCLPDI_00062,2.38e-37,40.476,168,125.0,63.1
LLMG_RS08420,MBLCLPDI_01686,1.6399999999999998e-52,36.86,293,170.0,56.31
LLMG_RS08440,MBLCLPDI_00670,1.7699999999999996e-89,48.308,325,267.0,62.77
LLMG_RS08445,MBLCLPDI_00669,4.519999999999999e-133,36.074,754,407.0,52.39
LLMG_RS08455,MBLCLPDI_00667,2.849999999999999e-140,60.703,313,395.0,77.64
LLMG_RS08480,MBLCLPDI_01310,1.4499999999999995e-164,43.705,556,476.0,65.83
LLMG_RS08490,MBLCLPDI_01312,5.239999999999999e-119,63.806000000000004,268,338.0,76.49
LLMG_RS08500,MBLCLPDI_01313,2.6199999999999997e-64,45.343999999999994,247,199.0,61.94
LLMG_RS08515,MBLCLPDI_01315,1.4099999999999995e-148,50.114,439,425.0,66.97
LLMG_RS08520,MBLCLPDI_01316,3.0799999999999995e-89,53.957,278,263.0,68.71
LLMG_RS08525,MBLCLPDI_00474,4.159999999999999e-124,37.881,623,379.0,57.62
LLMG_RS08550,MBLCLPDI_00201,2.9199999999999996e-45,38.647,207,154.0,66.18
LLMG_RS08555,MBLCLPDI_00202,1.4199999999999998e-82,48.148,243,246.0,69.96
LLMG_RS08560,MBLCLPDI_01561,7.419999999999999e-81,35.566,433,252.0,55.2
LLMG_RS08570,MBLCLPDI_00273,1.5199999999999997e-125,48.907,366,362.0,68.31
LLMG_RS08575,MBLCLPDI_00272,2.2e-37,46.153999999999996,117,119.0,66.67
LLMG_RS08580,MBLCLPDI_01428,1.4699999999999996e-134,43.949,471,392.0,63.27
LLMG_RS08595,MBLCLPDI_00533,4.14e-38,44.586000000000006,157,125.0,61.15
LLMG_RS08640,MBLCLPDI_00739,0.0,43.101000000000006,645,540.0,62.48
LLMG_RS08670,MBLCLPDI_00851,4.979999999999998e-130,51.238,404,377.0,69.8
LLMG_RS08675,MBLCLPDI_00687,0.0,68.449,374,528.0,82.09
LLMG_RS08705,MBLCLPDI_01200,5.909999999999998e-94,53.103,290,275.0,72.41
LLMG_RS08710,MBLCLPDI_01201,5.19e-49,48.571000000000005,175,156.0,68.57
LLMG_RS08715,MBLCLPDI_00559,1.11e-48,31.139,395,172.0,49.62
LLMG_RS08750,MBLCLPDI_01432,0.0,61.31,840,1077.0,76.31
LLMG_RS08760,MBLCLPDI_00239,3.239999999999999e-166,68.438,320,462.0,86.25
LLMG_RS08765,MBLCLPDI_01289,4.529999999999999e-119,51.574,413,354.0,65.38
LLMG_RS08775,MBLCLPDI_00455,1.85e-52,38.258,264,168.0,55.68
LLMG_RS08785,MBLCLPDI_00508,6.589999999999999e-38,34.821,224,129.0,60.27
LLMG_RS08790,MBLCLPDI_00507,1.8299999999999998e-70,36.193000000000005,373,222.0,57.91
LLMG_RS08800,MBLCLPDI_01999,0.0,48.951,715,677.0,68.25
LLMG_RS08805,MBLCLPDI_01290,0.0,33.907,1221,590.0,54.3
LLMG_RS08810,MBLCLPDI_01291,3.73e-60,40.09,222,185.0,63.51
LLMG_RS08860,MBLCLPDI_00228,0.0,63.095,672,870.0,77.83
LLMG_RS08865,MBLCLPDI_01217,1.3399999999999997e-130,63.475,282,370.0,75.53
LLMG_RS08915,MBLCLPDI_00320,4.049999999999999e-172,60.903999999999996,376,481.0,76.6
LLMG_RS08920,MBLCLPDI_01078,5.809999999999999e-91,49.803999999999995,255,266.0,70.98
LLMG_RS08925,MBLCLPDI_01079,7.419999999999998e-111,57.471000000000004,261,318.0,74.71
LLMG_RS08930,MBLCLPDI_01080,2.759999999999999e-179,54.967,453,505.0,74.17
LLMG_RS08945,MBLCLPDI_01083,9.339999999999997e-146,53.922,408,416.0,70.34
LLMG_RS08950,MBLCLPDI_01084,3.6299999999999996e-85,49.393,247,249.0,68.83
LLMG_RS08955,MBLCLPDI_01085,4.3600000000000004e-48,32.468,308,159.0,56.17
LLMG_RS08965,MBLCLPDI_01087,5.129999999999999e-103,46.729,321,301.0,68.22
LLMG_RS08975,MBLCLPDI_01733,4.989999999999999e-84,61.081,185,248.0,76.22
LLMG_RS08980,MBLCLPDI_00785,5.710000000000001e-45,57.018,114,138.0,77.19
LLMG_RS08985,MBLCLPDI_00784,0.0,56.882,712,801.0,72.47
LLMG_RS08990,MBLCLPDI_00783,9.09e-33,50.515,97,106.0,71.13
LLMG_RS09000,MBLCLPDI_00781,7.229999999999998e-115,48.958,384,336.0,66.15
LLMG_RS09005,MBLCLPDI_00780,1.48e-39,39.873000000000005,158,127.0,62.03
LLMG_RS09045,MBLCLPDI_00852,0.0,68.192,437,635.0,83.98
LLMG_RS09060,MBLCLPDI_01377,5.469999999999999e-74,42.667,300,226.0,63.33
LLMG_RS09070,MBLCLPDI_01379,1.9100000000000002e-57,59.091,154,172.0,70.78
LLMG_RS09075,MBLCLPDI_01395,1.9499999999999997e-88,56.338,213,256.0,73.71
LLMG_RS09090,MBLCLPDI_00012,0.0,61.369,453,553.0,75.94
LLMG_RS09095,MBLCLPDI_00011,4.529999999999999e-56,56.376000000000005,149,169.0,76.51
LLMG_RS09100,MBLCLPDI_00010,2.3799999999999993e-128,33.792,654,390.0,58.41
LLMG_RS09120,MBLCLPDI_00693,2.899999999999999e-117,39.602,452,347.0,61.28
LLMG_RS09140,MBLCLPDI_00581,9.699999999999998e-113,53.288999999999994,304,325.0,69.08
LLMG_RS09170,MBLCLPDI_00973,1.5899999999999995e-134,64.286,280,377.0,78.57
LLMG_RS09175,MBLCLPDI_00974,1.0899999999999998e-88,36.518,471,274.0,54.78
LLMG_RS09230,MBLCLPDI_00354,7.87e-50,49.324,148,154.0,68.92
LLMG_RS09265,MBLCLPDI_01208,2.14e-96,42.632,380,288.0,57.89
LLMG_RS09285,MBLCLPDI_02018,0.0,50.89,674,602.0,69.73
LLMG_RS09290,MBLCLPDI_01928,1.7599999999999997e-67,51.5,200,202.0,70.0
LLMG_RS09300,MBLCLPDI_00019,0.0,52.281000000000006,570,631.0,71.4
LLMG_RS09320,MBLCLPDI_00558,1.0399999999999998e-167,43.993,566,485.0,63.96
LLMG_RS09325,MBLCLPDI_00557,0.0,50.909,550,564.0,70.36
LLMG_RS09330,MBLCLPDI_00556,1.5799999999999995e-136,58.485,330,387.0,76.36
LLMG_RS09335,MBLCLPDI_00555,1.8699999999999997e-170,52.411,477,485.0,69.81
LLMG_RS09340,MBLCLPDI_00301,1.2099999999999995e-155,48.023999999999994,506,448.0,68.18
LLMG_RS09410,MBLCLPDI_01738,4.479999999999998e-65,52.431999999999995,185,194.0,69.19
LLMG_RS09415,MBLCLPDI_01320,2.0399999999999996e-94,43.258,356,281.0,61.52
LLMG_RS09420,MBLCLPDI_00231,4.95e-99,49.31,290,289.0,71.38
LLMG_RS09425,MBLCLPDI_00230,5.94e-56,50.276,181,171.0,63.54
LLMG_RS09435,MBLCLPDI_00229,7.789999999999999e-84,46.428999999999995,252,248.0,69.84
LLMG_RS09485,MBLCLPDI_01722,1.0599999999999998e-49,37.736,212,158.0,63.68
LLMG_RS09495,MBLCLPDI_01723,2.5599999999999996e-114,61.6,250,325.0,78.8
LLMG_RS09500,MBLCLPDI_01724,3.72e-105,55.442,294,304.0,77.55
LLMG_RS09505,MBLCLPDI_01725,1.6499999999999994e-104,53.115,305,303.0,70.82
LLMG_RS09510,MBLCLPDI_01726,7.24e-84,48.162,272,249.0,69.12
LLMG_RS09520,MBLCLPDI_00436,5.479999999999999e-66,62.585,147,194.0,79.59
LLMG_RS09540,MBLCLPDI_00583,0.0,54.875,882,966.0,70.98
LLMG_RS09545,MBLCLPDI_01400,6.92e-32,29.031999999999996,310,117.0,46.45
LLMG_RS09575,MBLCLPDI_00549,2.87e-92,37.234,470,284.0,59.79
LLMG_RS09580,MBLCLPDI_00986,3.88e-50,33.209,268,162.0,55.22
LLMG_RS09585,MBLCLPDI_00406,3.8899999999999987e-103,55.426,258,297.0,73.26
LLMG_RS09590,MBLCLPDI_00405,0.0,56.592,493,598.0,76.06
LLMG_RS09595,MBLCLPDI_00404,1.2399999999999998e-54,40.506,237,171.0,60.76
LLMG_RS09600,MBLCLPDI_01549,1.2999999999999998e-35,35.514,214,122.0,60.28
LLMG_RS09610,MBLCLPDI_01355,6.479999999999999e-51,58.571000000000005,140,157.0,70.71
LLMG_RS09620,MBLCLPDI_00690,0.0,41.806999999999995,830,619.0,60.24
LLMG_RS09625,MBLCLPDI_00688,8.269999999999999e-44,39.0,200,142.0,58.5
LLMG_RS09650,MBLCLPDI_01944,1.14e-33,29.474,285,121.0,52.98
LLMG_RS09655,MBLCLPDI_01943,3.3299999999999997e-56,41.964,224,174.0,62.5
LLMG_RS09670,MBLCLPDI_01945,2.1699999999999995e-93,54.0,250,271.0,76.4
LLMG_RS09710,MBLCLPDI_00616,1.58e-45,44.505,182,147.0,62.64
LLMG_RS09715,MBLCLPDI_00104,2.57e-47,40.084,237,171.0,59.92
LLMG_RS09730,MBLCLPDI_00517,2.68e-29,41.428999999999995,140,100.0,57.14
LLMG_RS09735,MBLCLPDI_00516,0.0,79.229,467,748.0,89.29
LLMG_RS09740,MBLCLPDI_00515,2.7e-89,45.833,312,265.0,63.14
LLMG_RS09745,MBLCLPDI_00514,0.0,72.435,497,747.0,85.51
LLMG_RS09755,MBLCLPDI_00512,6.669999999999999e-40,43.226000000000006,155,129.0,68.39
LLMG_RS09760,MBLCLPDI_00510,2.43e-56,43.478,230,176.0,62.17
LLMG_RS09780,MBLCLPDI_00725,8.379999999999999e-38,33.486,218,127.0,60.55
LLMG_RS09820,MBLCLPDI_00822,7.709999999999998e-112,46.894,322,323.0,71.74
LLMG_RS09825,MBLCLPDI_00821,1.0699999999999999e-53,53.888999999999996,180,166.0,68.33
LLMG_RS09865,MBLCLPDI_00981,0.0,69.593,467,716.0,86.72
LLMG_RS09870,MBLCLPDI_00980,1.1199999999999998e-47,54.861000000000004,144,147.0,69.44
LLMG_RS09880,MBLCLPDI_00979,0.0,61.653999999999996,399,528.0,79.2
LLMG_RS09885,MBLCLPDI_00978,4.509999999999999e-101,38.626,422,303.0,60.43
LLMG_RS09890,MBLCLPDI_00977,7.719999999999998e-141,72.973,259,392.0,88.03
LLMG_RS09900,MBLCLPDI_01749,3.7799999999999995e-44,37.736,212,150.0,57.08
LLMG_RS09915,MBLCLPDI_00105,2.3299999999999997e-116,65.975,241,329.0,79.67
LLMG_RS09920,MBLCLPDI_00815,6.54e-56,44.95399999999999,218,182.0,63.76
LLMG_RS09925,MBLCLPDI_00709,1.9899999999999998e-35,30.612,294,126.0,47.28
LLMG_RS09930,MBLCLPDI_01643,0.0,70.28399999999999,1198,1756.0,84.06
LLMG_RS09935,MBLCLPDI_01644,0.0,70.06,1159,1726.0,84.04
LLMG_RS09960,MBLCLPDI_01430,2.6599999999999995e-103,34.369,547,318.0,56.49
LLMG_RS09965,MBLCLPDI_02102,3.9099999999999995e-106,43.776,482,322.0,59.13
LLMG_RS09975,MBLCLPDI_01648,5.869999999999998e-156,63.608999999999995,338,437.0,77.81
LLMG_RS09980,MBLCLPDI_00848,4.3999999999999995e-72,37.116,423,235.0,55.08
LLMG_RS09985,MBLCLPDI_01361,3.7099999999999996e-114,39.729,516,342.0,59.5
LLMG_RS09990,MBLCLPDI_00836,1.2399999999999995e-177,58.537,410,498.0,75.61
LLMG_RS10000,MBLCLPDI_00873,2.7599999999999997e-109,52.733000000000004,311,316.0,70.42
LLMG_RS10010,MBLCLPDI_01917,1.15e-44,31.383000000000003,376,157.0,53.72
LLMG_RS10015,MBLCLPDI_01504,6.6299999999999985e-68,33.516,364,214.0,60.71
LLMG_RS10050,MBLCLPDI_00415,0.0,71.626,941,1392.0,85.97
LLMG_RS10075,MBLCLPDI_01298,1.5499999999999999e-46,37.85,214,149.0,58.41
LLMG_RS10095,MBLCLPDI_02051,1.0099999999999998e-179,54.036,446,505.0,71.97
LLMG_RS10120,MBLCLPDI_00536,9.75e-42,45.89,146,132.0,67.81
LLMG_RS10150,MBLCLPDI_01374,4.799999999999999e-60,75.652,115,176.0,86.96
LLMG_RS10160,MBLCLPDI_01376,5.33e-66,56.79,162,196.0,77.78
LLMG_RS10175,MBLCLPDI_02104,0.0,65.484,620,815.0,79.52
LLMG_RS10190,MBLCLPDI_00331,1.72e-48,58.678000000000004,121,148.0,76.03
LLMG_RS10195,MBLCLPDI_00330,0.0,53.731,469,522.0,71.22
LLMG_RS10235,MBLCLPDI_00685,8.959999999999997e-101,42.896,366,300.0,62.84
LLMG_RS10245,MBLCLPDI_00733,0.0,76.215,391,602.0,89.26
LLMG_RS10255,MBLCLPDI_00680,0.0,58.547,936,1140.0,74.47
LLMG_RS10260,MBLCLPDI_00679,5.929999999999999e-33,31.33,233,118.0,60.09
LLMG_RS10265,MBLCLPDI_00678,8.47e-54,34.231,260,171.0,58.08
LLMG_RS10280,MBLCLPDI_01321,4.26e-39,35.775999999999996,232,131.0,56.03
LLMG_RS10285,MBLCLPDI_00675,7.769999999999999e-130,53.253,415,377.0,72.53
LLMG_RS10290,MBLCLPDI_00674,2.5899999999999997e-134,45.415,458,391.0,65.28
LLMG_RS10300,MBLCLPDI_00332,3.8499999999999996e-84,52.066,242,247.0,66.94
LLMG_RS10320,MBLCLPDI_01030,6.45e-49,34.247,292,160.0,53.77
LLMG_RS10330,MBLCLPDI_00324,2.7799999999999987e-154,49.655,435,441.0,67.13
LLMG_RS10345,MBLCLPDI_00684,1.1699999999999998e-67,46.288000000000004,229,204.0,64.19
LLMG_RS10355,MBLCLPDI_00682,2.2100000000000002e-37,41.143,175,124.0,57.71
LLMG_RS10360,MBLCLPDI_00238,4.229999999999999e-177,54.566,449,500.0,72.38
LLMG_RS10365,MBLCLPDI_00035,1.8700000000000002e-26,29.808000000000003,208,100.0,51.92
LLMG_RS10370,MBLCLPDI_00730,1.04e-40,67.416,89,125.0,82.02
LLMG_RS10375,MBLCLPDI_01301,1.0499999999999996e-131,43.883,515,396.0,62.91
LLMG_RS10380,MBLCLPDI_01302,2.9799999999999997e-56,40.574,244,177.0,61.48
LLMG_RS10385,MBLCLPDI_01303,6.769999999999997e-100,37.556999999999995,442,301.0,58.14
LLMG_RS10435,MBLCLPDI_01235,3.6900000000000003e-50,37.5,384,191.0,48.7
LLMG_RS10470,MBLCLPDI_01242,2.59e-150,53.827,392,427.0,73.21
LLMG_RS10475,MBLCLPDI_01243,1.2999999999999999e-73,52.61,249,220.0,65.46
LLMG_RS10480,MBLCLPDI_01244,2.1799999999999996e-140,55.681999999999995,352,402.0,73.58
LLMG_RS10490,MBLCLPDI_01245,0.0,57.443000000000005,524,627.0,74.62
LLMG_RS10510,MBLCLPDI_01249,3.9299999999999994e-49,46.199,171,153.0,60.23
LLMG_RS10545,MBLCLPDI_01174,8.329999999999998e-85,48.178000000000004,247,249.0,68.83
LLMG_RS10550,MBLCLPDI_01175,2.1899999999999997e-118,45.7,407,346.0,63.64
LLMG_RS10635,MBLCLPDI_00008,1.17e-49,65.385,104,153.0,79.81
LLMG_RS10680,MBLCLPDI_00892,5.849999999999998e-80,53.012,249,237.0,66.67
LLMG_RS10745,MBLCLPDI_01304,1.5599999999999997e-92,49.838,309,274.0,68.93
LLMG_RS10770,MBLCLPDI_01305,0.0,49.574,821,792.0,67.97
LLMG_RS10780,MBLCLPDI_01308,3.639999999999999e-97,66.01,203,277.0,79.8
LLMG_RS10785,MBLCLPDI_00574,0.0,55.178999999999995,531,570.0,74.2
LLMG_RS10795,MBLCLPDI_01433,0.0,69.84899999999999,398,552.0,83.17
LLMG_RS10800,MBLCLPDI_00135,3.709999999999999e-158,55.668,397,447.0,71.54
LLMG_RS10835,MBLCLPDI_00256,2.3199999999999992e-111,54.29600000000001,291,320.0,72.16
LLMG_RS10900,MBLCLPDI_02025,0.0,57.407,594,714.0,74.58
LLMG_RS10915,MBLCLPDI_02042,6.5899999999999995e-65,50.769,195,195.0,70.26
LLMG_RS10940,MBLCLPDI_00505,7.329999999999998e-115,71.09,211,322.0,87.2
LLMG_RS10945,MBLCLPDI_00217,2.6099999999999994e-97,42.021,376,291.0,66.22
LLMG_RS10960,MBLCLPDI_01947,6.1e-39,29.07,258,135.0,51.55
LLMG_RS10975,MBLCLPDI_00868,1.3099999999999999e-75,40.138000000000005,289,229.0,62.63
LLMG_RS11000,MBLCLPDI_01299,2.3399999999999996e-82,58.208999999999996,201,241.0,75.12
LLMG_RS11015,MBLCLPDI_01300,3.029999999999999e-102,48.726000000000006,314,297.0,65.92
LLMG_RS11030,MBLCLPDI_01353,3.379999999999998e-173,62.608999999999995,345,481.0,78.55
LLMG_RS11055,MBLCLPDI_00074,0.0,64.01899999999999,428,576.0,80.61
LLMG_RS11065,MBLCLPDI_00287,6.7e-82,41.667,288,245.0,66.67
LLMG_RS11090,MBLCLPDI_00288,9.169999999999999e-139,57.994,319,393.0,76.18
LLMG_RS11115,MBLCLPDI_00812,0.0,54.04,594,643.0,70.37
LLMG_RS11125,MBLCLPDI_02010,3.579999999999998e-157,52.708999999999996,406,447.0,70.69
LLMG_RS11155,MBLCLPDI_00571,5.229999999999999e-63,52.577,194,189.0,70.1
LLMG_RS11165,MBLCLPDI_00569,2.7399999999999993e-102,38.979,431,307.0,59.63
LLMG_RS11170,MBLCLPDI_00568,3.779999999999999e-76,36.275,408,239.0,54.41
LLMG_RS11180,MBLCLPDI_00004,2.6699999999999998e-115,47.185,373,335.0,66.76
LLMG_RS11200,MBLCLPDI_00368,3.0899999999999994e-150,59.327,327,421.0,75.84
LLMG_RS11205,MBLCLPDI_01932,2.1799999999999995e-168,50.412,486,480.0,67.08
LLMG_RS11210,MBLCLPDI_01933,9.189999999999999e-148,56.104,385,421.0,70.65
LLMG_RS11215,MBLCLPDI_01697,1.2399999999999998e-34,29.191,346,125.0,47.11
LLMG_RS11220,MBLCLPDI_01213,2.679999999999999e-122,43.133,466,367.0,64.59
LLMG_RS11260,MBLCLPDI_00661,1.0199999999999997e-70,39.437,284,215.0,61.97
LLMG_RS11395,MBLCLPDI_01396,7.099999999999999e-38,27.386999999999997,398,135.0,47.74
LLMG_RS11400,MBLCLPDI_01397,2.2499999999999995e-105,57.5,240,301.0,79.58
LLMG_RS11405,MBLCLPDI_00070,1.9999999999999998e-125,38.842,587,378.0,59.63
LLMG_RS11410,MBLCLPDI_01398,1.41e-42,56.25,112,134.0,74.11
LLMG_RS11425,MBLCLPDI_00337,3.839999999999999e-103,60.352,227,294.0,77.97
LLMG_RS11430,MBLCLPDI_00336,9.82e-75,82.27,141,215.0,89.36
LLMG_RS11450,MBLCLPDI_01332,1.4899999999999998e-79,64.368,174,230.0,78.16
LLMG_RS11455,MBLCLPDI_00840,4.97e-75,45.138999999999996,288,227.0,63.19
LLMG_RS11465,MBLCLPDI_00772,5.009999999999999e-73,56.354,181,214.0,78.45
LLMG_RS11470,MBLCLPDI_00771,1.0699999999999996e-135,74.37,238,377.0,87.39
LLMG_RS11485,MBLCLPDI_00611,6.729999999999997e-149,53.133,399,423.0,72.68
LLMG_RS11490,MBLCLPDI_00610,6.890000000000001e-45,36.078,255,150.0,54.9
LLMG_RS11500,MBLCLPDI_00719,0.0,69.243,608,880.0,84.38
LLMG_RS11535,MBLCLPDI_01341,6.779999999999998e-132,62.57899999999999,318,374.0,78.93
LLMG_RS11545,MBLCLPDI_01806,7.599999999999999e-42,42.177,147,132.0,64.63
LLMG_RS11560,MBLCLPDI_02086,3.03e-43,42.073,164,137.0,62.8
LLMG_RS11570,MBLCLPDI_01534,3.029999999999999e-164,56.952,374,461.0,75.4
LLMG_RS11575,MBLCLPDI_00469,1.0699999999999999e-85,48.232,311,256.0,67.52
LLMG_RS11585,MBLCLPDI_01533,5.449999999999998e-134,45.283,477,393.0,65.41
LLMG_RS11590,MBLCLPDI_00468,6.729999999999999e-128,54.07899999999999,331,366.0,72.51
LLMG_RS11595,MBLCLPDI_00494,4.5399999999999985e-179,58.738,412,501.0,75.73
LLMG_RS11600,MBLCLPDI_01405,0.0,54.762,546,617.0,72.53
LLMG_RS11610,MBLCLPDI_01385,1.1699999999999996e-158,49.77,434,451.0,71.43
LLMG_RS11620,MBLCLPDI_01164,2.4799999999999998e-28,42.143,140,118.0,66.43
LLMG_RS11640,MBLCLPDI_00493,5.66e-58,33.438,320,186.0,53.75
LLMG_RS11670,MBLCLPDI_01803,6.109999999999998e-158,36.644,745,474.0,58.26
LLMG_RS11675,MBLCLPDI_00068,4.41e-47,40.191,209,152.0,56.94
LLMG_RS11685,MBLCLPDI_00191,4.259999999999998e-152,48.33,449,435.0,68.82
LLMG_RS11690,MBLCLPDI_01336,5.909999999999999e-149,45.059,506,431.0,63.04
LLMG_RS11740,MBLCLPDI_00329,1.0699999999999999e-85,39.669000000000004,363,260.0,62.26
LLMG_RS11750,MBLCLPDI_00328,0.0,64.333,457,617.0,80.74
LLMG_RS11805,MBLCLPDI_01608,4.5899999999999996e-55,67.188,128,164.0,78.12
LLMG_RS11810,MBLCLPDI_01609,6.779999999999998e-127,55.449,312,361.0,77.56
LLMG_RS11815,MBLCLPDI_01610,1.8799999999999997e-64,79.2,125,188.0,88.0
LLMG_RS11820,MBLCLPDI_01611,1.4099999999999997e-62,72.727,121,183.0,85.95
LLMG_RS11830,MBLCLPDI_01613,1.77e-38,73.611,72,118.0,91.67
LLMG_RS11835,MBLCLPDI_01614,2.4699999999999996e-109,69.15899999999999,214,309.0,83.64
LLMG_RS11840,MBLCLPDI_01615,0.0,56.351000000000006,433,509.0,75.75
LLMG_RS11845,MBLCLPDI_01616,1.78e-51,58.621,145,157.0,74.48
LLMG_RS11855,MBLCLPDI_01618,8.699999999999998e-86,73.81,168,245.0,86.31
LLMG_RS11860,MBLCLPDI_01619,6.699999999999999e-57,72.03399999999999,118,168.0,83.05
LLMG_RS11865,MBLCLPDI_01620,1.83e-61,53.371,178,184.0,71.35
LLMG_RS11870,MBLCLPDI_01621,4.4599999999999994e-73,75.758,132,210.0,87.88
LLMG_RS11880,MBLCLPDI_01622,3.33e-34,80.328,61,107.0,90.16
LLMG_RS11885,MBLCLPDI_01623,2.0699999999999995e-110,80.556,180,308.0,90.56
LLMG_RS11890,MBLCLPDI_01624,7.61e-34,55.882,102,108.0,72.55
LLMG_RS11895,MBLCLPDI_01625,1.1999999999999998e-63,75.41,122,186.0,85.25
LLMG_RS11900,MBLCLPDI_01626,1.31e-41,71.765,85,127.0,83.53
LLMG_RS11910,MBLCLPDI_01628,2.2899999999999997e-76,78.676,136,219.0,86.76
LLMG_RS11915,MBLCLPDI_01629,5.44e-125,76.03699999999999,217,348.0,89.4
LLMG_RS11920,MBLCLPDI_01630,4.939999999999999e-58,77.391,115,171.0,86.09
LLMG_RS11925,MBLCLPDI_01631,1.3899999999999997e-52,78.889,90,155.0,88.89
LLMG_RS11930,MBLCLPDI_01632,9.569999999999998e-150,75.0,272,416.0,84.56
LLMG_RS11935,MBLCLPDI_01633,9.96e-32,52.577,97,103.0,69.07
LLMG_RS11940,MBLCLPDI_01634,8.579999999999998e-96,63.461999999999996,208,274.0,77.88
LLMG_RS11945,MBLCLPDI_01635,4.609999999999999e-95,63.461999999999996,208,272.0,79.33
LLMG_RS11950,MBLCLPDI_01636,3.5699999999999994e-60,81.373,102,175.0,94.12
LLMG_RS11955,MBLCLPDI_00346,1.9399999999999996e-45,59.504,121,139.0,80.17
LLMG_RS11970,MBLCLPDI_00335,4.5e-54,46.591,176,166.0,64.2
LLMG_RS11985,MBLCLPDI_00453,1.4199999999999996e-135,36.825,611,405.0,58.76
LLMG_RS11990,MBLCLPDI_01404,0.0,43.888000000000005,679,540.0,61.27
LLMG_RS11995,MBLCLPDI_01054,4.96e-87,60.663999999999994,211,252.0,81.04
LLMG_RS12010,MBLCLPDI_01985,1.2799999999999997e-61,39.007,282,193.0,59.57
LLMG_RS12080,MBLCLPDI_00779,0.0,55.131,1257,1415.0,72.63
LLMG_RS12095,MBLCLPDI_00778,0.0,52.733000000000004,622,635.0,69.13
LLMG_RS12100,MBLCLPDI_00777,2.5899999999999992e-126,46.948,426,368.0,65.02
LLMG_RS12105,MBLCLPDI_00776,1.0999999999999999e-58,39.855,276,184.0,58.33
LLMG_RS12110,MBLCLPDI_00775,4.2699999999999995e-82,47.257,237,242.0,68.78
LLMG_RS12125,MBLCLPDI_00029,1.59e-56,55.346000000000004,159,171.0,69.81
LLMG_RS12130,MBLCLPDI_00026,2.8699999999999995e-106,51.891999999999996,370,316.0,68.92
LLMG_RS12140,MBLCLPDI_01474,6.349999999999999e-113,46.615,384,334.0,66.41
LLMG_RS12155,MBLCLPDI_00766,3.3399999999999994e-80,48.016000000000005,252,238.0,67.06
LLMG_RS12160,MBLCLPDI_01382,0.0,51.747,887,910.0,70.8
LLMG_RS12195,MBLCLPDI_00551,6.679999999999998e-63,25.926,567,213.0,51.32
LLMG_RS12200,MBLCLPDI_00770,3.2799999999999996e-98,47.006,334,288.0,63.77
LLMG_RS12205,MBLCLPDI_00769,1.4299999999999998e-143,71.538,260,399.0,84.62
LLMG_RS12210,MBLCLPDI_00660,5.799999999999999e-120,48.528999999999996,340,345.0,65.88
LLMG_RS12215,MBLCLPDI_00350,0.0,49.441,894,872.0,67.56
LLMG_RS12255,MBLCLPDI_00724,5.41e-82,42.769,325,249.0,61.23
LLMG_RS12260,MBLCLPDI_00723,2.5399999999999998e-42,43.038000000000004,158,135.0,67.09
LLMG_RS12265,MBLCLPDI_00722,1.0699999999999997e-63,48.901,182,191.0,70.88
LLMG_RS12290,MBLCLPDI_00462,0.0,65.625,448,625.0,81.7
LLMG_RS12325,MBLCLPDI_00554,0.0,63.205,886,1165.0,77.88
LLMG_RS12350,MBLCLPDI_00052,7.459999999999999e-47,41.278999999999996,172,147.0,60.47
LLMG_RS12355,MBLCLPDI_01912,1.8499999999999996e-77,49.785,233,229.0,67.38
LLMG_RS12360,MBLCLPDI_00094,1.6799999999999995e-134,42.558,477,394.0,62.68
LLMG_RS12370,MBLCLPDI_01528,5.660000000000001e-37,34.733000000000004,262,128.0,53.82
LLMG_RS12395,MBLCLPDI_00884,1.2599999999999998e-145,52.985,402,417.0,71.89
LLMG_RS12400,MBLCLPDI_00948,1.3599999999999996e-160,44.071000000000005,506,461.0,63.83
LLMG_RS12425,MBLCLPDI_00009,6.929999999999999e-38,83.544,79,117.0,92.41
LLMG_RS12435,MBLCLPDI_00007,1.7399999999999997e-35,56.842,95,112.0,73.68
LLMG_RS12445,MBLCLPDI_01657,0.0,55.052,485,535.0,71.55
LLMG_RS12450,MBLCLPDI_00355,1.4e-149,41.667,612,439.0,59.64
LLMG_RS12480,MBLCLPDI_01337,0.0,60.586000000000006,444,578.0,76.8
LLMG_RS12495,MBLCLPDI_00578,1.3999999999999996e-155,64.22,327,436.0,78.9
LLMG_RS12500,MBLCLPDI_00577,2.7899999999999995e-66,46.97,198,198.0,72.22
LLMG_RS12505,MBLCLPDI_00576,0.0,46.36,673,609.0,66.12
LLMG_RS12515,MBLCLPDI_00575,0.0,51.357,884,879.0,68.78
LLMG_RS12560,MBLCLPDI_01921,0.0,51.215,494,537.0,72.87
LLMG_RS12565,MBLCLPDI_01373,3.0199999999999996e-56,45.882,170,171.0,71.18
LLMG_RS12570,MBLCLPDI_00792,3.9299999999999987e-146,56.771,384,415.0,71.61
LLMG_RS12580,MBLCLPDI_00308,1.1999999999999998e-74,49.123000000000005,228,223.0,68.42
LLMG_RS12585,MBLCLPDI_02101,4.869999999999999e-127,45.946000000000005,407,369.0,65.11
LLMG_RS12590,MBLCLPDI_02103,0.0,58.45399999999999,621,775.0,76.33
LLMG_RS12605,MBLCLPDI_00563,2.4200000000000002e-54,34.828,290,174.0,56.21
LLMG_RS12615,MBLCLPDI_00325,1.78e-79,53.181999999999995,220,234.0,73.18
LLMG_RS12660,MBLCLPDI_02105,0.0,61.79,458,582.0,80.35
LLMG_RS12670,MBLCLPDI_01294,0.0,50.233000000000004,645,646.0,71.32
LLMG_RS12755,MBLCLPDI_00426,7.009999999999997e-138,58.284,338,390.0,74.85
LLMG_RS12835,MBLCLPDI_01602,1.18e-73,77.344,128,211.0,89.06
LLMG_RS12840,MBLCLPDI_01603,3.589999999999999e-71,63.265,147,207.0,80.27
LLMG_RS12845,MBLCLPDI_02020,1.9999999999999998e-84,38.292,363,256.0,65.01
LLMG_RS12850,MBLCLPDI_02019,5.489999999999998e-73,50.226000000000006,221,217.0,67.87
LLMG_RS12865,MBLCLPDI_00237,7.439999999999998e-92,48.327,269,269.0,68.77
LLMG_RS12890,MBLCLPDI_01638,0.0,68.27199999999999,706,998.0,82.01
LLMG_RS12895,MBLCLPDI_01639,1.93e-85,72.078,154,243.0,87.66
LLMG_RS12900,MBLCLPDI_01640,1.03e-77,81.618,136,223.0,88.24
LLMG_RS12915,MBLCLPDI_01699,5.2199999999999997e-48,35.216,301,166.0,53.16
LLMG_RS12920,MBLCLPDI_00460,4.3399999999999995e-45,36.458,288,150.0,52.08
LLMG_RS13140,MBLCLPDI_01092,4.06e-43,39.5,200,147.0,58.5
